Nombre de la Herramienta,País de Origen,Elaboración de la ficha detallada,Institución Responsable,Finalidad de la Herramienta,Momento de la Actividad Productiva,Taxonomia da ferramenta (principal),Canales de Acceso a la Información,Tipología de los Canales de Comunicación,Público Objetivo Principal,Alcance de Aplicación,Modelo de Acceso,Dimensión de Interacción,Naturaleza Institucional,Categoría de la Organización,Idioma de Disponibilización,Integración con WhatsApp,Conectividad Necesaria,Nivel de Digitalización,Nivel de Apertura de la Herramienta,Link,Descripción (resumen)
Verificación de Paisaje Sustentable,Argentina,Sí,Ucrop.it,Gestión,Antes ,"Gestión Documental, Certificaciones, Registros y Regularización ",Aplicación,Medios de masa,Productor,General,Pago,Productor ↔ Contenido/Plataforma,Privada,Startup,Multilingüe,No,Sí,Transformación Digital,Accesible a Terceros,https://ucrop.it/es/verificacion-del-paisaje/,"Herramienta geoespacial que evalúa riesgos de deforestación y uso del suelo, verificando el cumplimiento de estándares internacionales de sostenibilidad. Obs. Ucrop.it - Empresa tecnológica argentina fundada en 2018, especializada en sostenibilidad agrícola y trazabilidad mediante tecnología blockchain, con actuación internacional y acceso gratuito para productores."
Trazabilidad de Producto,Argentina,Sí,Ucrop.it,Comercialización,Después,"Seguridad Alimentaria, Trazabilidad y Storytelling del Producto",Aplicación,No se aplica,Productor,General,Pago,Productor ↔ Contenido/Plataforma,Privada,Startup,Multilingüe,No,Sí,Transformación Digital,Accesible a Terceros,Trazabilidad – ucrop.it,"Solución que permite comunicar el origen y las prácticas sostenibles de los productos agrícolas a lo largo de la cadena, mediante reportes digitales y códigos QR. Obs. Ucrop.it - Empresa tecnológica argentina fundada en 2018, especializada en sostenibilidad agrícola y trazabilidad mediante tecnología blockchain, con actuación internacional y acceso gratuito para productores."
Agro Consultas Online-  Consulta con expertos ,Argentina,Sí,AgroConsultas Online, Orientación Técnica,Dentro ,"Contenido, Educación y Red Social",Website,Medios de masa,Ambos,General,Gratuito,Productor ↔ Extensionista,Privada,Sector Privado,Espanhol,Sí,Sí,Digitalización,Accesible a Terceros, https://www.agroconsultasonline.com/,"Plataforma digital para realizar consultas a especialistas, participar en eventos en línea e intercambiar experiencias. Además de la consultoría pública, la plataforma ofrece una biblioteca digital con artículos, herramientas, videos y materiales técnicos, organizados por tema y tipo de producción."
Chat ACO,Argentina,Sí,AgroConsultas Online, Orientación Técnica,Dentro ,"Contenido, Educación y Red Social",Website; Chatbots,Medios de masa,Ambos,General,Gratuito,Productor ↔ Contenido/Plataforma,Privada,Sector Privado,Espanhol,No,Sí,Digitalización,Accesible a Terceros,https://www.agroconsultasonline.com/chataco,Es un asistente de inteligencia artificial para la agricultura
Capacitaciones,Argentina,Sí,AgroConsultas Online,Aprendizaje,Dentro ,"Contenido, Educación y Red Social",Plataformas de E-learning,Medios de masa,Ambos,General,Gratuito,Productor ↔ Contenido/Plataforma,Privada,Sector Privado,Espanhol,No,Sí,Digitalización,Accesible a Terceros,https://www.agroconsultasonline.com/trainings,"Plataforma de capacitación en línea orientada a la formación técnica en el sector agropecuario, que ofrece cursos, entrenamientos y contenidos especializados impartidos por especialistas."
Extension Solution ,Argentina,Sí,Solidaridad, Orientación Técnica,Antes ,"Gestión Institucional de Registro, Monitoreo y Catastro de ATER",Aplicación ,Medios de masa,Extensionista,General,Gratuito,Extensionista ↔ Contenido/Plataforma,Privada,Organización Internacional,Multilingüe,No,No,Digitalización,Accesible a Terceros, https://solidaridadlatam.org/brasil/extension-solution/,"La herramienta permite el registro de productores, el seguimiento de visitas técnicas, la recolección estructurada de datos en campo, el monitoreo de indicadores productivos y socioambientales y la gestión de las acciones de ATER."
Farming Solution ,Argentina,Sí,Solidaridad, Gestión,Dentro ,Monitoreo y Gestión Integrada de la Producción,Aplicación ,Medios de masa,Productor,General,Gratuito,Productor ↔ Contenido/Plataforma,Privada,Organización Internacional,Multilingüe,No,No,Digitalización,Accesible a Terceros,https://solidaridadlatam.org/brasil/farming-solution/,"La herramienta, dirigida a los productores, permite el registro y el seguimiento de las unidades productivas, la recolección de datos productivos y socioambientales, el monitoreo de prácticas agrícolas, el control de indicadores de sostenibilidad y el apoyo a la toma de decisiones en la finca, contribuyendo a la mejora de la productividad, la trazabilidad y el desempeño socioambiental de las cadenas agrícolas."
Agrolearning,Argentina,Sí,Solidaridad,Aprendizaje,Antes ,"Contenido, Educación y Red Social",Plataformas de E-learning,Medios de masa,Ambos,General,Gratuito,Productor ↔ Contenido/Plataforma,Privada,Organización Internacional,Multilingüe,No,Sí,Digitalización,Accesible a Terceros,https://solidaridadlatam.org/brasil/servicos/#solucoes-educativas,"Aplicación que permite acceder a cursos y herramientas orientadas a mejorar las prácticas agronómicas y a desarrollar habilidades financieras, digitales y sociales."
"Sistema Integrado de Monitoreo Agrícola
 - SIMA",Argentina,Sí,SIMA, Orientación Técnica,Dentro ,Diagnóstico e Identificación por Imagen,Aplicación; Paneles de Monitoreo (Dashboards),Medios de masa,Productor,General,Pago,Extensionista ↔ Contenido/Plataforma,Privada,Sector Privado,Multilingüe,No,Sí,Transformación Digital,Accesible a Terceros,https://sima.ag/pt,"Un sistema de agricultura inteligente que le permite realizar monitoreos en campo de forma georreferenciada, analizar información y generar órdenes de servicio."
Servicio Meteorológico Nacional Argentina ,Argentina,No,Ministerio de Defensa, Orientación Técnica,Dentro ,"Meteorología, Clima e Irrigación",Website,Medios de masa,Ambos,General,Gratuito,Extensionista ↔ Contenido/Plataforma,Pública,Ministerio / Gobierno Federal,Espanhol,No,Sí,Digitalización,Accesible a Terceros,https://www.smn.gob.ar/radar,"Pone a disposición imágenes de radar meteorológico en tiempo casi real, permitiendo seguir la ocurrencia y la intensidad de lluvias, tormentas y otros eventos atmosféricos. La herramienta apoya el monitoreo del clima, la emisión de alertas y la toma de decisiones."
Información Agroclimática ,Argentina,No,INTA, Orientación Técnica,Dentro ,"Meteorología, Clima e Irrigación",Website,Medios de masa,Ambos,General,Gratuito,Extensionista ↔ Contenido/Plataforma,Pública,Ministerio / Gobierno Federal,Espanhol,No,Sí,Digitalización,Accesible a Terceros,https://www.argentina.gob.ar/informacion-agroclimatica,"Herramientas: AgroMet Semanal, AgroMet Mensual, AgroCultivos"
INTA GEO,Argentina,No,INTA, Orientación Técnica,Dentro ,"Meteorología, Clima e Irrigación",Website,Medios de masa,Ambos,General,Gratuito,Extensionista ↔ Contenido/Plataforma,Pública,Ministerio / Gobierno Federal,Espanhol,No,Sí,Digitalización,Accesible a Terceros,https://www.argentina.gob.ar/inta,Plataforma geoespacial para la gestión integral de información geográfica destinada al sector agropecuario - https://www.argentina.gob.ar/inta
Repositorio INTA digital; y Ediciones INTA ,Argentina,No,INTA,Aprendizaje,Dentro ,"Contenido, Educación y Red Social",Website,Medios de masa,Ambos,General,Gratuito,Extensionista ↔ Contenido/Plataforma,Pública,Ministerio / Gobierno Federal,Espanhol,No,Sí,Digitación,Accesible a Terceros,https://www.argentina.gob.ar/inta,"Acceso público y gratuito a libros, artículos de revistas, tesis, informes técnicos y ponencias, entre otros; Editorial especializada en publicaciones de investigación, desarrollo e innovación tecnológica aplicada al sector del agro "
AGRO24,Argentina,Sí,AGRO24, Gestión,Antes ,Economía Compartida,Website,Medios de masa,Productor,General,Pago,Productor ↔ Productor,Privada,Startup,Espanhol,,Sí,Digitalización,Accesible a Terceros,https://agro24.ar/,Plataforma que conecta a productores e insumeros para simplificar el proceso de compra y abastecimiento de insumos agrícolas.
Agrojusto,Argentina,Sí,Agrojusto,Comercialización,Después,Tienda en Línea (E-commerce) y Plataformas de Marketplace,Website + Aplicación,Medios de masa,Productor,General,Pago,Productor ↔ Contenido/Plataforma,Privada,Startup,Espanhol,No,Sí,Digitalización,Accesible a Terceros,https://agrojusto.com.ar/,"Conjunto de soluciones tecnológicas que permite la comercialización directa desde los pequeños productores hacia los compradores. Se encuentra integrado por una aplicación mobile para productores rurales y productores de agroalimentos, integrado con un sistema de mensajería interno y notificaciones y otros parametros especificos del sector de alimentos y un e-commerce"
Cosecheros,Argentina,No,Universidad Nacional de Córdoba, Orientación Técnica,Dentro ,"Meteorología, Clima e Irrigación",Aplicación ,No se aplica,Productor,General,Gratuito,Productor ↔ Contenido/Plataforma,Pública,Universidad,Espanhol,No,Sí,Digitalización,Accesible a Terceros,https://play.google.com/store/apps/details?id=ar.edu.unc.cosecheros,"""Cosecheros"" es una aplicación para teléfonos celulares, en sistema Android, que permite el monitoreo y la notificación y mapeo de impactos de eventos meteorológicos extremos sobre la actividad agropecuaria, así como eventos de deriva de agroquímico"
Fertilizante Campero,Argentina,No,Esteban Regueira, Orientación Técnica,Antes ,"Fertilizantes, inoculantes y nutrientes",Aplicación,Medios de masa,Extensionista,General,Gratuito,Extensionista ↔ Contenido/Plataforma,Pública,Ministerio / Gobierno Federal,Espanhol,No,No,Transformación Digital,Accesible a Terceros,https://play.google.com/store/apps/details?id=com.inta.camperofertilizadoras,"Esta aplicación está diseñada para ajustar los distribuidores de productos pulverizados, como fertilizantes y mejoradores de suelo. La herramienta permite calcular dosis, estimar el ancho de trabajo del equipo y evaluar la uniformidad de la distribución. También permite calcular la cantidad de producto necesaria para tratar una zona determinada y generar informes con los resultados, que se almacenan en el dispositivo."
Mapa de complejidades,Bolívia,Sí,Banco de Desarrollo Productivo (BDP), Orientación Técnica,Dentro ,"Contenido, Educación y Red Social",Paneles de Monitoreo (Dashboards),Medios de masa,Extensionista,General,Gratuito,Extensionista ↔ Contenido/Plataforma,Pública,Agencia de Desarrollo,Espanhol,No,Sí,Digitalización,Accesible a Terceros,https://complejidades.bdp.com.bo/,"Es una herramienta de diagnóstico que apoya la toma de decisiones para el desarrollo local, ofreciendo información territorial sobre actividad productiva, rendimiento y comercialización, e identificando sectores con potencial de crecimiento."
Biblioteca de Medios,Bolívia,Sí,INIAF,Aprendizaje,Dentro ,"Contenido, Educación y Red Social",Website,Medios de masa,Productor,General,Gratuito,Productor ↔ Contenido/Plataforma,Pública,Empresa Pública de Investigación,Espanhol,No,Sí,Digitalización,Accesible a Terceros,https://iniaf.gob.bo/biblioteca-de-medios/,"Repositorio digital que reúne publicaciones técnicas, manuales, informes y materiales de innovación agrícola para apoyar la producción, la investigación y la extensión rural en Bolivia"
Biblioteca Virtual,Bolívia,Sí,PROINPA,Aprendizaje,Dentro ,"Contenido, Educación y Red Social",Website,Medios de masa,Productor,General,Gratuito,Productor ↔ Contenido/Plataforma,Sociedad Civil Organizada,ONG / OSC,Espanhol,No,Sí,Digitalización,Accesible a Terceros,https://www.proinpa.org/web/biblioteca-virtual/,"Es un repositorio digital de conocimientos sobre agrobiodiversidad andina, que reúne materiales técnicos y educativos sobre bioinsumos, granos y cereales, hortalizas y leguminosas, papa, frutales, quinua, raíces y tubérculos andinos, además de recetarios y contenidos para una producción sostenible y la valorización de los saberes locales."
CABI Academy Online Courses,Bolívia,Sí,CABI,Aprendizaje,Dentro ,"Contenido, Educación y Red Social",Plataformas de E-learning,Medios de masa,Extensionista,General,Gratuito,Extensionista ↔ Contenido/Plataforma,Organismo Internacional,Organización Internacional,Multilingüe,No,Sí,Digitalización,Accesible a Terceros,https://academy.cabi.org/,"Cursos y recursos gratuitos en línea, que están disponibles para usuarios en Bolivia. Pueden accederse en línea o descargarse a través de la aplicación genérica Moodle Mobile, ofreciendo asesoramiento especializado tanto a extensionistas como a agricultores."
PlantwisePlus Factsheets,Bolívia,Sí,CABI, Orientación Técnica,Dentro ,"Contenido, Educación y Red Social",Aplicación ,Interpersonal,Extensionista,General,Gratuito,Extensionista ↔ Contenido/Plataforma,Organismo Internacional,Organización Internacional,Multilingüe,No,No,Digitalización,Accesible a Terceros,https://play.google.com/store/apps/details?id=org.cabi.pfff&utm_source=flyer_fs&utm_medium=link&utm_campaign=pwp_tools&utm_term=factsheets_awareness&utm_content=gen,"Aplicación móvil gratuita para Android e iOS que ofrece información específica por país para apoyar el diagnóstico y el manejo seguro de plagas y enfermedades de los cultivos. Puede utilizarse sin conexión, lo que resulta especialmente útil para el trabajo de campo en zonas remotas con conectividad limitada."
Fertilizer Optimizer,Bolívia,Sí,CABI, Orientación Técnica,Antes ,"Fertilizantes, inoculantes y nutrientes",Aplicación ,Interpersonal,Extensionista,General,Gratuito,Extensionista ↔ Contenido/Plataforma,Organismo Internacional,Organización Internacional,Multilingüe,No,No,Digitalización,Accesible a Terceros,https://play.google.com/store/apps/details?id=org.cabi.ofra,"Aplicación móvil que apoya a agricultores y extensionistas en la definición de recomendaciones optimizadas de fertilizantes, ajustadas al cultivo, al presupuesto disponible y a las condiciones locales, con el objetivo de maximizar el retorno económico y la eficiencia en el uso de insumos."
Crop Sprayer,Bolívia,Sí,CABI, Orientación Técnica,Antes ,"Manejo y Control de Plagas (Biológico, Natural y Químico)",Aplicación ,Interpersonal,Extensionista,General,Gratuito,Extensionista ↔ Contenido/Plataforma,Organismo Internacional,Organización Internacional,Multilingüe,No,No,Digitalización,Accesible a Terceros,https://play.google.com/store/apps/details?id=com.cabi.cabi_dosage_calc_android,"Aplicación móvil que ayuda a agricultores y técnicos a calcular correctamente la dosificación de pesticidas, convirtiendo recomendaciones técnicas en cantidades precisas según el producto, el cultivo, el área tratada y el equipo de aplicación, promoviendo un uso seguro y eficiente de los insumos."
Ater+ Digital,Brasil,Sí,Embrapa, Orientación Técnica,Dentro ,"Contenido, Educación y Red Social",Website,Medios de masa,Extensionista,General,Gratuito,Extensionista ↔ Contenido/Plataforma,Pública, Empresa Pública de Investigación,Portugués,Sí,Sí,Digitalización,Accesible a Terceros,https://www.atermaisdigital.cnptia.embrapa.br/,"Plataforma que ofrece una amplia gama de contenido y herramientas digitales para apoyar la labor de los extensionistas. Esto incluye un repositorio de videos, archivos de audio, aplicaciones, guías técnicas, infografías y cursos en línea, organizados en ejes temáticos "
E-Campo ,Brasil,Sí,Embrapa,Aprendizaje,Dentro ,"Contenido, Educación y Red Social",Plataformas de E-learning,Medios de masa,Productor,General,Gratuito,Productor ↔ Contenido/Plataforma,Pública, Empresa Pública de Investigación,Multilingüe,No,Sí,Digitalización,Accesible a Terceros,https://e-campo.sede.embrapa.br/,"Plataforma digital de capacitación en línea que ofrece contenidos técnicos, cursos y servicios para apoyar a productores, técnicos y extensionistas en la toma de decisiones y en la formación en agricultura y ganadería"
Impactools - Operação,Brasil,Sí,ManejeBem , Orientación Técnica,Dentro ,Consultoría & Asistencia Técnica,Aplicación,Interpersonal,Extensionista,"Específica (hortalizas, agroecología)",Pago ,Productor ↔ Extensionista,Privada,Startup,Portugués,Sí,No,Transformación Digital,Accesible a Terceros,https://manejebem.com/impactools-operacao/,"Es una solución digital orientada a la planificación, el registro, el M&E de acciones en campo, que permite: la gestión operativa de las actividades (visitas técnicas, cronogramas y responsables); la recolección estructurada de datos en terreno; el seguimiento de indicadores y resultados; la generación de informes que apoyan la rendición de cuentas, la evaluación de impacto y la gestión de proyectos; y el apoyo a equipos técnicos y programas de ATER, integrando información operativa y analítica."
AgroAssist,Brasil,Sí,ManejeBem, Gestión,Dentro ,Monitoreo y Gestión Integrada de la Producción,Aplicación,No se aplica,Extensionista,General,Pago ,Extensionista ↔ Contenido/Plataforma,Privada,Startup,Portugués,Sí,No,Transformación Digital,Accesible a Terceros,https://manejebem.com/impactools-agroassist/,"Solución integrada a WhatsApp que utiliza inteligencia artificial para transformar audios, fotos, textos y documentos enviados por el técnico en registros e informes estructurados, facilitando el seguimiento técnico, la gestión de las actividades en campo y la evaluación de resultados"
Meu Imóvel Rural,Brasil,Sí,Governo Federal do Brasil, Gestión,Antes ,"Gestión Documental, Certificaciones, Registros y Regularización ",Website + Aplicación,Interpersonal,Productor,General,Gratuito,Productor ↔ Contenido/Plataforma,Pública,Ministerio / Gobierno Federal,Portugués,No,Sí,Digitación,Accesible a Terceros,https://www.gov.br/gestao/pt-br/assuntos/meu-imovel-rural,"Aplicación que reúne, en un único entorno digital, los principales documentos e informaciones de propiedades y posesiones en Brasil."
Serviços e Informações do Brasil - Gov.br,Brasil,Sí,Governo Federal do Brasil, Gestión,Antes ,Servicios de crédito y finanzas ,Website + Aplicación,Interpersonal,Productor,General,Gratuito,Productor ↔ Contenido/Plataforma,Pública,Ministerio / Gobierno Federal,Portugués,No,Sí,Digitación,Accesible a Terceros,https://www.gov.br/pt-br/perfil_usuario/agricultor,"Plataforma digital que centraliza, en un único espacio, servicios e informaciones dirigidas a agricultores, como registro de inmuebles rurales, acceso a créditos y beneficios, capacitación, innovación tecnológica y derechos del productor rural."
Agrotrace (extensionista) ,Brasil,Sí,IBS, Gestión,Dentro ,Consultoría & Asistencia Técnica,Aplicación,Interpersonal,Extensionista,General,Pago ,Productor ↔ Extensionista,Privada,Startup,Portugués,No,Sí,Digitalización,Accesible a Terceros,https://www.agrotrace.com.br/,"Ofrece herramientas para el seguimiento de las explotaciones atendidas, el registro de visitas y orientaciones técnicas, el monitoreo de indicadores productivos y socioambientales, la generación de informes y el apoyo a la gestión y evaluación de programas de ATER"
Agrotrace (produtor) ,Brasil,Sí,IBS, Gestión,Dentro ,Monitoreo y Gestión Integrada de la Producción,Aplicación,Interpersonal,Productor,General,Pago ,Productor ↔ Contenido/Plataforma,Privada,Startup,Portugués,No,Sí,Digitalización,Accesible a Terceros,https://www.agrotrace.com.br/,"Permite registrar información de la producción, insumos y manejos, organizar datos de la explotación, cumplir con requisitos de trazabilidad y certificaciones, demostrar el origen y la calidad de los productos y facilitar el acceso a mercados que exigen transparencia y cumplimiento socioambiental."
Check Milk,Brasil,No,IBS, Orientación Técnica,Dentro ,Monitoreo y Gestión Integrada de la Producción,Website + Aplicación,Interpersonal,Extensionista,Específica (leche),Pago,Productor ↔ Contenido/Plataforma,Privada,Startup,Portugués,No,Sí,Digitalización,Accesible a Terceros,https://www.checkmilk.com.br/,"Plataforma digital orientada a la gestión de la calidad de la leche, que permite monitorear indicadores productivos y sanitarios, registrar análisis de laboratorio, acompañar el cumplimiento de estándares de calidad, apoyar la toma de decisiones en la explotación y fortalecer la trazabilidad."
Agritempo,Brasil,Sí,Embrapa, Orientación Técnica,Dentro ,"Meteorología, clima e irrigación",Website + Aplicación,Medios de masa,Productor,General,Gratuito,Productor ↔ Contenido/Plataforma,Pública, Empresa Pública de Investigación,Portugués,No,Sí,Digitalización,Accesible a Terceros,https://www.agritempo.gov.br/br/,"Sistema de Monitoreo Agrometeorológico que permite a los usuarios acceder, vía Internet, a información meteorológica y agrometeorológica de diversos municipios y estados brasileños. El sistema recibe datos diarios de más de 1.600 estaciones meteorológicas de distintas instituciones, proporcionando información que permite reducir costos y aumentar la productividad."
Zarc - Plantio Certo,Brasil,Sí,Embrapa, Orientación Técnica,Dentro ,"Meteorología, clima e irrigación",Aplicación,Medios de masa,Productor,General,Gratuito,Productor ↔ Contenido/Plataforma,Pública, Empresa Pública de Investigación,Portugués,No,Sí,Digitalización,Accesible a Terceros,https://www.plantiocerto.cnptia.embrapa.br/,"Muestra las mejores fechas de siembra para diversos cultivos en Brasil. Recupera datos de la Zonificación Agrícola de Riesgo Climático (ZARC), lo que permite que, en cada municipio, el productor identifique la mejor época de siembra según los diferentes tipos de suelo y ciclos productivos."
Conecta produtor SENAR,Brasil,No,SENAR, Orientación Técnica,Dentro ,Consultoría & Asistencia Técnica,Website + Aplicación,Medios de masa,Productor,General,Gratuito,Productor ↔ Contenido/Plataforma,Pública,Otro,Portugués,Sí,Sí,Digitalización,Accesible a Terceros,https://apps.apple.com/br/app/conecta-produtor-senar/id6502522051,"Aplicación de gestión y seguimiento de la asistencia técnica que permite al productor rural organizar información productiva y financiera, registrar datos y monitorear visitas técnicas en un único entorno digital."
SENAR Play,Brasil,Sí,SENAR,Aprendizaje,Dentro ,"Contenido, Educación y Red Social",Aplicación,Medios de masa,Productor,General,Gratuito,Extensionista ↔ Contenido/Plataforma,Pública,Otro,Portugués,No,Sí,Digitalización,Accesible a Terceros,https://ead.senar.org.br/aplicativo-senar,"Una plataforma digital que ofrece videos, cursos y contenidos educativos en línea orientados a la capacitación de productores rurales, trabajadores agrícolas y técnicos agrícolas."
Sistema COMPINST,Brasil,No,Emater,Comercialización,Después,Ventas al gobierno,Website,No se aplica,Productor,General,No se aplica,Extensionista ↔ Contenido/Plataforma,Pública,Empresa de ATER / Servicio Público de Extensión,Portugués,Sí,Sí,Digitalización,Uso Interno (Institucional),https://new.emater.df.gov.br/,"El sistema COMPINST permite que todo el proceso de compras públicas del Programa de Adquisición de Alimentos (PAA) — desde la confirmación de la oferta hasta la articulación logística y el registro de las operaciones — se realice de forma totalmente digital, agilizando y organizando la gestión entre extensionistas y agricultores."
Monitor das secas ,Brasil,No,ANA, Orientación Técnica,Dentro ,"Meteorología, clima e irrigación",Website + Aplicación,Medios de masa,Productor,General,Gratuito,Productor ↔ Contenido/Plataforma,Pública,Ministerio / Gobierno Federal,Portugués,No,Sí,Digitalización,Accesible a Terceros,https://monitordesecas.ana.gov.br/mapa?mes=10&ano=2025,"Herramienta de monitoreo climático que proporciona información en tiempo real sobre condiciones de sequía y estrés hídrico. Ofrece alertas tempranas para productores y extensionistas, permitiendo una gestión proactiva de riesgos y la planificación de acciones de mitigación integradas a la ATER."
Rede Aurora,Brasil,No,USP,Aprendizaje,Dentro ,"Contenido, Educación y Red Social",Website,Medios de masa,Extensionista,General,Gratuito,Extensionista ↔ Contenido/Plataforma,Pública,Universidad,Portugués,No,Sí,Digitalización,Accesible a Terceros,https://www.youtube.com/@redeauroraater,Red y canal de YouTube que reúne contenidos y casos prácticos sobre ATER en entornos digitales de comunicación.
Zap Rural,Brasil,No,EPAGRI,Aprendizaje,Dentro ,"Contenido, Educación y Red Social",Grupos de Mensajería,Medios de masa,Productor,General,Gratuito,Productor ↔ Contenido/Plataforma,Pública,Empresa de ATER / Servicio Público de Extensión,Portugués,Sí,Sí,Digitalización,Accesible a Terceros,https://whatsapp.com/channel/0029Va6gqE27NoZtKtkHsu0K,"Una iniciativa de extensión digital que utiliza WhatsApp para ofrecer contenidos y orientaciones prácticas directamente a los agricultores familiares. La acción consiste en el envío semanal de videos cortos y mensajes sobre temas como manejo sostenible, producción de alimentos, organización productiva y seguridad alimentaria."
Hortify,Brasil,No,Hortify, Gestión,Dentro ,Monitoreo y Gestión Integrada de la Producción,Aplicación,Interpersonal,Productor,Específica  (hortalizas),Pago ,Productor ↔ Contenido/Plataforma,Privada,Startup,Portugués,No,Sí,Digitalización,Accesible a Terceros,https://hortify.app/ ,"Plataforma que reúne datos de producción, mano de obra, inventarios y finanzas, integrada con algoritmos que apoyan la toma de decisiones. Además, la plataforma cumple con los requisitos del gobierno brasileño, incorporando un proceso de trazabilidad."
Prosa Rural,Brasil,No,Embrapa, Orientación Técnica,Dentro ,"Contenido, Educación y Red Social",Website + Aplicación,Medios de masa,Productor,General,Gratuito,Productor ↔ Contenido/Plataforma,Pública, Empresa Pública de Investigación,Portugués,No,No,Digitalización,Accesible a Terceros,https://play.google.com/store/apps/details?id=com.prosa.rural,"Ofrece acceso a archivos de audio de los programas de radio producidos por Embrapa , así como a la radio en línea de Prosa Rural. Los archivos de audio y los programas de la radio en línea están clasificados por regiones."
Controle de Pragas,Brasil,Sí,Embrapa, Orientación Técnica,Antes ,"Manejo y Control de Plagas (Biológico, Natural y Químico)",Website + Aplicación,No se aplica,Extensionista,General,Gratuito,Extensionista ↔ Contenido/Plataforma,Pública, Empresa Pública de Investigación,Portugués,No,Sí,Digitalización,Accesible a Terceros,https://www.atermaisdigital.cnptia.embrapa.br/web/controle-de-pragas/pragas,"Reúne información técnica sobre plagas agrícolas, incluyendo identificación, características, cultivos afectados y orientaciones de manejo y control. La herramienta apoya a productores y técnicos de extensión rural en el diagnóstico de plagas y en la toma de decisiones."
Bioinsumos,Brasil,Sí,Embrapa, Orientación Técnica,Antes ,"Manejo y Control de Plagas (Biológico, Natural y Químico)",Website + Aplicación,No se aplica,Extensionista,General,Gratuito,Extensionista ↔ Contenido/Plataforma,Pública, Empresa Pública de Investigación,Portugués,No,Sí,Digitalización,Accesible a Terceros,https://www.embrapa.br/busca-de-solucoes-tecnologicas/-/produto-servico/7227/aplicativo-bioinsumos,"La aplicación es resultado del Programa de Bioinsumos del Ministerio de Agricultura, Ganadería y Abastecimiento (MAPA) y busca consolidar un Catálogo Nacional de Bioinsumos para facilitar y promover el acceso a información sobre los productos disponibles para su uso y dónde encontrarlos."
Rótulos digitais,Brasil,No,Central 12,Comercialización,Después,"Seguridad Alimentaria, Trazabilidad y Storytelling del Producto",Website,No se aplica,Productor,General,Pago,Productor ↔ Contenido/Plataforma,Privada,Startup,Portugués,No,Sí,Digitalización,Accesible a Terceros,https://central12.com.br/,"Etiqueta digital accesible mediante código QR que centraliza y pone a disposición información detallada sobre el producto —como origen, trazabilidad, procesos productivos, certificaciones y aspectos de sostenibilidad— fortaleciendo la transparencia y la comunicación directa entre marcas agrícolas y consumidores."
INCRALEGIS,Brasil,No,CEGAFI- UnB,Aprendizaje,Dentro ,"Contenido, Educación y Red Social",Aplicación,Interpersonal,Extensionista,General,Gratuito,Extensionista ↔ Contenido/Plataforma,Pública,Universidad,Portugués,Sí,Sí,Digitación,Accesible a Terceros,https://www.cegafiunb.com/aplicativos/,"Facilita el acceso a la legislación agraria brasileña. Abarca temas como la expropiación para la reforma agraria, el licenciamiento ambiental, el georreferenciamiento, la regularización de la tenencia de la tierra, la restitución de la posesión de tierras públicas, la adjudicación de inmuebles, la titulación y los territorios quilombolas"
Põe na Cesta,Brasil,No,Emater-DF,Comercialización,Después,Tienda en Línea (E-commerce) y Plataformas de Marketplace,Website,Medios de masa,Productor,General,Gratuito,Productor ↔ Contenido/Plataforma,Pública,Empresa de ATER / Servicio Público de Extensión,Portugués,No,Sí,Digitalización,Accesible a Terceros,https://dfrural.emater.df.gov.br/poenacesta/,"Herramienta digital de la Emater-DF que conecta a productores rurales y consumidores, facilitando la difusión y comercialización de alimentos locales. A través de la plataforma, es posible localizar productores, conocer los tipos de productos ofrecidos, el origen de la producción y los datos de contacto, fortaleciendo la economía local y promoviendo el consumo de alimentos frescos y de calidad, sin cobro de tasas ni intermediación financiera."
ADAMA Target (Alvo),Brasil,No,ADAMA, Orientación Técnica,Dentro ,"Manejo y Control de Plagas (Biológico, Natural y Químico)",Aplicación,Medios de masa,Productor,"Específica (soja, milho, algodão, trigo, cana e café)",Gratuito,Productor ↔ Contenido/Plataforma,Privada,Startup,Portugués,No,No,Digitación,Accesible a Terceros,https://www.adama.com/brasil/pt/adama-alvo,"ADAMA Target es una aplicación que ayuda a identificar las principales plagas, malezas y enfermedades que afectan a cultivos brasileños como la soja, el maíz, el trigo, el algodón, la caña de azúcar y el café, mediante una completa base de datos de imágenes. Encuentre información sobre el ciclo de vida, el tratamiento adecuado, la importancia económica y la descripción de cada problema en los cultivos brasileños. Si no encuentra el objetivo, tome una foto, envíela y reciba ayuda."
Aegro Campo,Brasil,No,Aegro, Gestión,Dentro ,Monitoreo y Gestión Integrada de la Producción,Aplicación,Medios de masa,Productor,General,Pago,Productor ↔ Contenido/Plataforma,Privada,Startup,Portugués,No,No,Transformación Digital,Accesible a Terceros,"https://aegro.com.br/solucoes/gestao-rural/
https://play.google.com/store/apps/details?id=com.aegro.aegroapp
https://apps.apple.com/us/app/aegro-campo/id1105392365?l=pt-BR","Aegro es una aplicación que integra eficazmente datos agrícolas y financieros, ayudándote a tomar decisiones más rentables. Las principales ventajas de ser usuario de Aegro son: Monitorear las operaciones de la granja de forma remota y en tiempo real; Tener un mayor control sobre los costos de la producción agrícola."
Agricultura SC,Brasil,No,Secretaria de Agriculutra de Santa Catarina,Comunicación,Dentro ,"Contenido, Educación y Red Social",Aplicación,Medios de masa,Productor,General,Gratuito,Productor ↔ Contenido/Plataforma,Pública,Gobierno Estatal / Provincial,Portugués,No,Sí,Digitalización,Accesible a Terceros,"https://apps.apple.com/us/app/agricultura-sc/id6739265025; 
https://play.google.com/store/apps/details?id=com.sar.agriculturasc","La principal aplicación para la agricultura en Santa Catarina es Agricultura SC, de la Secretaría de Agricultura y Ganadería (SAPE). Esta aplicación reúne noticias, programas, servicios e información de Epagri, Cidasc y Ceasa, lo que la hace ideal para que los productores catarinenses se mantengan al día. Además, Epagri Mob ofrece herramientas prácticas como pronósticos meteorológicos, monitoreo de enfermedades y tecnologías agrícolas."
AgroApp,Brasil,No,Agroapp Solucoes Agro Digitais LTDA, Orientación Técnica,Antes ,"Manejo y Control de Plagas (Biológico, Natural y Químico)",Aplicación,Medios de masa,Productor,"Específica (algodão, arroz, batata, café, cana-de-açúcar, citros, feijão, girassol, milho, pastagens, soja, sorgo, tomate e trigo)",Gratuito,Productor ↔ Contenido/Plataforma,Privada,Sector Privado,Portugués,No,No,Digitalización,Accesible a Terceros,"https://agroapp.com.br/recursos/
https://play.google.com/store/apps/details?id=br.com.agroapp","La aplicación recopila información agrícola de forma organizada y de fácil acceso. Se desarrolló considerando la dificultad que enfrentan agricultores y técnicos para encontrar información fiable y estructurada en su trabajo diario en el campo. Si bien existe una gran cantidad de contenido disponible en internet, gran parte de la información está dispersa y no se puede acceder sin conexión, precisamente cuando más se necesita. En este sentido, la aplicación busca facilitar el uso práctico de la información en el campo, incluso en contextos de conectividad limitada."
AgroCaderno,Brasil,No,"Harvest Apps Ltda
", Orientación Técnica,Antes ,"Manejo y Control de Plagas (Biológico, Natural y Químico)",Aplicación,Medios de masa,Productor,General,Pago,Productor ↔ Contenido/Plataforma,Privada,Sector Privado,Portugués,No,No,Digitalización,Accesible a Terceros,https://play.google.com/store/apps/details?id=com.mycompany.agrobulas,"Una herramienta digital diseñada para facilitar la organización y el registro de las actividades agrícolas. La aplicación permite a los usuarios controlar el uso de pesticidas, registrar las fumigaciones y anotar las principales operaciones realizadas en la propiedad, lo que contribuye a una gestión más sistemática de la información. También facilita el intercambio de registros entre los miembros del equipo, lo que facilita el seguimiento de las actividades diarias de producción."
Agrolink,Brasil,No,Agrolink,Comercialización,Después,Tienda en Línea (E-commerce) y Plataformas de Marketplace,Site,Medios de masa,Productor,"Específica (Algodão, Arroz, Café, Cana, Feijão, Milho, Soja e Trigo)",Gratuito,Productor ↔ Contenido/Plataforma,Privada,Sector Privado,Portugués,No,,Digitalización,Accesible a Terceros,https://www.agrolink.com.br/agrolinkfito/,"Una plataforma digital de información agrícola que reúne noticias, contenido técnico y datos de interés para el sector agrícola. Sirve como recurso de información sobre temas como el uso de plaguicidas, información de mercado, precios agrícolas, pronósticos meteorológicos y materiales audiovisuales, facilitando el acceso a la información a productores, técnicos y otros actores del entorno rural."
AgroPragas Maracujá,Brasil,No,Embrapa, Orientación Técnica,Antes ,"Manejo y Control de Plagas (Biológico, Natural y Químico)",Aplicación,Medios de masa,Productor,Específica (Maracujá),Gratuito,Productor ↔ Contenido/Plataforma,Pública,Empresa Pública de Investigación,Portugués,No,No,Digitalización,Accesible a Terceros,https://play.google.com/store/apps/details?id=br.embrapa.cnpmf.gicp_maracujazeiro,"Una herramienta para el manejo integrado de plagas y enfermedades en el maracuyá. Reúne información técnica sobre estrategias de identificación, monitoreo y control, ayudando a agricultores y técnicos a tomar decisiones sobre el manejo del cultivo. La aplicación organiza el contenido de forma práctica, contribuyendo a un uso más racional de los insumos y a la mejora de la salud y la productividad de los huertos de maracuyá."
BASF Agro,Brasil,No,BASF SA,Comercialización,Antes ,"Fertilizantes, inoculantes y nutrientes",Aplicación,Medios de masa,Productor,General,Gratuito,Productor ↔ Contenido/Plataforma,Privada,Sector Privado,Portugués,No,Si,Digitalización,Accesible a Terceros,https://play.google.com/store/apps/details?id=br.com.basf.agro,"La herramienta recopila información relacionada con la producción agrícola, incluyendo directrices sobre el uso de plaguicidas, así como contenido enfocado en el acceso a información de mercado. El objetivo es apoyar a agricultores y técnicos en el monitoreo de los aspectos productivos y comerciales de la actividad agrícola, facilitando el acceso a datos relevantes para la planificación y la toma de decisiones en las operaciones diarias de campo."
Bulário Defensivos Agrícolas,Brasil,No,Samuel Campos Lopes da Silva Tecnologia, Orientación Técnica,Antes ,"Manejo y Control de Plagas (Biológico, Natural y Químico)",Aplicación,Medios de masa,Ambos,General,Gratuito,Productor ↔ Contenido/Plataforma,Privada,Sector Privado,Portugués,No,Sí,Digitación,Accesible a Terceros,https://play.google.com/store/apps/details?id=appsmoveis.com.br.bulariodefensivosagricolas,"Esta aplicación está diseñada para apoyar a agrónomos y agricultores en la gestión de plaguicidas agrícolas. Contiene una base de datos con más de 1800 productos registrados y puede utilizarse sin conexión a internet. La herramienta permite búsquedas por producto, ingrediente activo o fabricante, facilitando el acceso a información técnica en el trabajo de campo diario."
Calagem & Adubação,Brasil,No,Daniel Baltazar Schneider, Orientación Técnica,Antes ,Análisis de Suelo y Plantas,Aplicación,Medios de masa,Ambos,General,Freemium,Productor ↔ Contenido/Plataforma,Privada,Sector Privado,Portugués,No,No,Digitalización,Accesible a Terceros,"https://datalu.com.br/pages/calagemadubacao.html
https://play.google.com/store/apps/details?id=br.com.stringsoft.calagem_brasil","Una aplicación para facilitar la planificación técnica del encalado, la fertilización y la distribución de insumos en el campo. Reúne herramientas para calcular las necesidades de encalado, la cantidad de correctivos y fertilizantes, calibrar los distribuidores de cal y fertilizantes, y ajustar las sembradoras y aplicadores de fertilizantes. Basándose en los datos del análisis de suelo, la aplicación realiza los cálculos necesarios y permite medir áreas mediante mapas, además de ofrecer consultas fitosanitarias e información útil para la gestión, todo de forma práctica y directamente en el dispositivo móvil."
Cálculos de Plantio,Brasil,No,Daniel Baltazar Schneider, Orientación Técnica,Antes ,Análisis de Suelo y Plantas,Aplicación,Medios de masa,Ambos,General,Freemium,Productor ↔ Contenido/Plataforma,Privada,Sector Privado,Portugués,No,No,Digitalización,Accesible a Terceros,https://play.google.com/store/apps/details?id=br.com.datalu.plantecerto; https://apps.apple.com/jp/app/c%C3%A1lculos-de-plantio/id6743328754,"Ofrece cálculos precisos para la siembra de los principales cereales, lo que permite determinar la cantidad ideal de semillas y el espaciamiento adecuado. Además, la aplicación cuenta con un módulo exclusivo para pruebas de germinación."
GID Inimigos Naturais,Brasil,No,"IAPAR - EMATER
", Orientación Técnica,Dentro ,Diagnóstico e Identificación por Imagen,Aplicación,Medios de masa,Ambos,General,Gratuito,Productor ↔ Contenido/Plataforma,Pública,Empresa Pública de Investigación,Portugués,No,No,Digitalización,Accesible a Terceros,https://play.google.com/store/apps/details?id=br.gov.pr.idrparana.inimigos_naturais_soja,"Esta aplicación, desarrollada por IDR-Paraná, reúne descripciones e imágenes para facilitar la identificación de insectos depredadores y parasitoides asociados al control de plagas agrícolas. El contenido se presenta en un lenguaje sencillo, lo que facilita la comprensión a usuarios menos familiarizados con la taxonomía entomológica, y puede utilizarse para apoyar la formación y el desarrollo de agricultores, estudiantes y profesionales del sector agrícola."
"Calagem App
",Brasil,No,Danilo Andrade Santos, Orientación Técnica,Antes ,"Fertilizantes, inoculantes y nutrientes",Aplicación,Medios de masa,Ambos,General,Pago,Productor ↔ Contenido/Plataforma,Privada,Sector Privado,Portugués,No,No,Digitalización,Accesible a Terceros,"https://calagemapp.com/
https://play.google.com/store/apps/details?id=com.calagem_app.codigo.agro.dados.agro",Calagem App es un asistente de cálculo que recomienda las necesidades de encalado y la cantidad de correctores de acidez necesarios. Introduce los datos de tu análisis de suelo y deja que Calagem App realice los cálculos y genere una recomendación personalizada en PDF para que la compartas con tus contactos.
ReceituAgro,Brasil,No,Lucinei Robson Loch, Orientación Técnica,Antes ,"Manejo y Control de Plagas (Biológico, Natural y Químico)",Aplicación,Medios de masa,Productor,General,Pago,Productor ↔ Contenido/Plataforma,Privada,Sector Privado,Portugués,No,Sí,Digitalización,Accesible a Terceros,"https://receituagro.agrimind.com.br/
https://play.google.com/store/apps/details?id=br.com.agrimind.pragassoja","Consulte los productos indicados para el tratamiento de las principales plagas y enfermedades que atacan a una amplia variedad de cultivos; encuentre recomendaciones para la aplicación de plaguicidas, dosificación y preparación de soluciones de aspersión."
Water Crop,Brasil,No,Crops Team Servicos De Consultoria Pesquisa E Desenvolvimento LTDA, Orientación Técnica,Antes ,Gestión de Residuos y Agua,Aplicación,Medios de masa,Productor,General,Gratuito,Productor ↔ Contenido/Plataforma,Privada,Sector Privado,Portugués,No,Sí,Digitalización,Accesible a Terceros,https://play.google.com/store/apps/details?id=com.cropsteam.watercrop,"Una aplicación enfocada en la gestión del riego, desarrollada para ayudar a agricultores y consultores a tomar decisiones sobre el uso del agua en cultivos regados por aspersión. La herramienta ayuda a definir el momento y el volumen de riego, considerando variables como las características del cultivo, la fecha de siembra y el tipo de suelo, contribuyendo así a una gestión más eficiente de los recursos hídricos."
Miido,Chile,Sí,Miido, Gestión,Dentro ,Monitoreo y Gestión Integrada de la Producción,Aplicación ,No se aplica,Ambos,General,Freemium,Extensionista ↔ Contenido/Plataforma,Privada,Startup,Espanhol,Sí,Sí,Transformación Digital,Accesible a Terceros,https://miido.ai/,"MIIDO utiliza tecnología avanzada de reconocimiento de voz para convertir los mensajes de audio de WhatsApp en texto. Luego, nuestro sistema procesa este texto para extraer información relevante y organizarla en tareas, registros y consultas."
INIA Educa ,Chile,Sí,INIA,Aprendizaje,Dentro ,"Contenido, Educación y Red Social",Plataformas de E-learning,Medios de masa,Ambos,General,Gratuito,Productor ↔ Contenido/Plataforma,Pública, Empresa Pública de Investigación,Espanhol,No,Sí,Digitalización,Accesible a Terceros,https://iniaeduca.cl/,"INIA Educa SpA es una empresa perteneciente del Instituto de Investigaciones Agropecuarias INIA dedicada a brindar cursos de especialización para  profesionales, técnicos y agricultores, cuyo objetivo es la prestación de servicios de capacitación, ofreciendo una batería de cursos estables y a disposición de organizar cursos, talleres y diplomados"
Biblioteca Digital INIA ,Chile,Sí,INIA,Aprendizaje,Dentro ,"Contenido, Educación y Red Social",Website,Medios de masa,Ambos,General,Gratuito,Productor ↔ Contenido/Plataforma,Pública, Empresa Pública de Investigación,Espanhol,No,Sí,Digitación,Accesible a Terceros,https://biblioteca.inia.cl/home,"Ofrece más de 5.000 publicaciones en versión digital, entre ellos libros, boletines, informativos, fichas técnicas, videos y capsulas radiales (podcast), todos sobre temas agropecuarios del país. "
Smartfield 360,Chile,Sí,INIA, Orientación Técnica,Dentro ,"Contenido, Educación y Red Social",Entornos de Realidad Virtual/Aumentada,Medios de masa,Ambos,General,Gratuito,Productor ↔ Contenido/Plataforma,Pública, Empresa Pública de Investigación,Espanhol,No,Sí,Transformación Digital,Accesible a Terceros,https://www.smartfieldinia.cl/," Plataforma de realidad virtual del campo Los Tilos y Santa Rosa, con demostración de tecnologías "
Campus,Chile,Sí,INIA, Orientación Técnica,Dentro ,"Contenido, Educación y Red Social",Website,Medios de masa,Ambos,General,Gratuito,Productor ↔ Contenido/Plataforma,Pública, Empresa Pública de Investigación,Espanhol,No,Sí,Digitalización,Accesible a Terceros,https://smartfieldinia.cl/campusinia/,Capacitaciones virtuales en tecnologías agrícolas para mejorar las prácticas y adopción tecnológica
Sistema de Alerta Temprana de Tizón Tardío,Chile,No,INIA, Orientación Técnica,Dentro ,"Meteorología, Clima e Irrigación",Website,Medios de masa,Ambos,Específica (papa),Gratuito,Productor ↔ Contenido/Plataforma,Pública, Empresa Pública de Investigación,Espanhol,No,Sí,Digitalización,Accesible a Terceros,https://tizon.inia.cl/,Herramienta tecnológica que utiliza datos meteorológicos y epidemiológicos para predecir las condiciones favorables para el desarrollo de la enfermedad (Tizón Tardío).
Agrapp,Chile,Sí,Agrapp, Gestión,Dentro ,Monitoreo y Gestión Integrada de la Producción,Aplicación ,Interpersonal,Productor,General,Pago,Productor ↔ Contenido/Plataforma,Privada,Startup,Espanhol,Sí,No,Transformación Digital,Accesible a Terceros,https://www.agrapp.cl/,"Es un cuaderno de campo digital que permite registrar información en terreno, trabajar sin conexión y generar reportes de forma simple y eficiente para la gestión agrícola."
AgroMatch,Chile,Sí,AgroMatch, Gestión,Antes ,Economía Compartida,Website,Interpersonal,Productor,General,Pago,Productor ↔ Productor,Privada,Startup,Espanhol,No,Sí,Digitalización,Accesible a Terceros,https://agromatch.cl/,AgroMatch es una plataforma que permite conectar a dueños de maquinaria o servicios con agricultores que busquen arrendar estas máquinas o servicios.
AGRI,Chile,Sí,TCIT Cloud Solutions , Gestión,Dentro ,Monitoreo y Gestión Integrada de la Producción,Website,Interpersonal,Productor,General,Pago,Productor ↔ Contenido/Plataforma,Privada,Startup,Espanhol,No,Sí,Digitalización,Accesible a Terceros,https://www.agri.cl/,"Plataforma de gestión que unifica los procesos administrativos y de producción de las empresas agrícolas. Sus módulos clave incluyen control de costos y presupuesto, gestión de tareas y cosechas, compras e inventario"
Agrosmart,Chile,Sí,Agrosmart, Gestión,Dentro ,Monitoreo y Gestión Integrada de la Producción,Website,Interpersonal,Productor,General,Pago,Productor ↔ Contenido/Plataforma,Privada,Startup,Espanhol,No,Sí,Digitalización,Accesible a Terceros,https://agrosmart.cl/,"Plataforma de gestión agrícola de software como servicio (SaaS) y un cuaderno de campo inteligente, diseñado desde la lógica del agricultor. Abarca las áreas administrativas, de producción, operativas y financieras, con el objetivo de aumentar la eficiencia y la competitividad."
Comes,Chile,Sí,Comes,Comercialización,Después,Tienda en Línea (E-commerce) y Plataformas de Marketplace,Website,Interpersonal,Productor,General,Pago (con comisión),Productor ↔ Contenido/Plataforma,Privada,Startup,Espanhol,No,Sí,Digitalización,Accesible a Terceros,https://www.comes.cl/,Busca fomentar un sistema de alimentación más sustentable conectando productores locales con comercios de alimentación.
Fichas Técnicas,Chile,No,INDAP, Orientación Técnica,Dentro ,"Contenido, Educación y Red Social",Website,Medios de masa,Productor,General,Gratuito,Productor ↔ Contenido/Plataforma,Pública,Empresa de ATER / Servicio Público de Extensión,Espanhol,No,Sí,Digitalización,Accesible a Terceros,https://www.indap.gob.cl/fichas-tecnicas,"Materiales en línea de apoyo orientados a la Agricultura Familiar Campesina, que reúnen información técnica estandarizada por región y cultivo. Disponibles para consulta y descarga en formato Excel, las fichas presentan orientaciones productivas, insumos, manejos y referencias técnicas para distintos rubros agrícolas."
FarmerChat,Internacional,Sí,Digital Green, Orientación Técnica,Dentro ,Consultoría & Asistencia Técnica,Aplicación,Interpersonal,Extensionista,General,Pago,Productor ↔ Extensionista,Privada,Startup,Multilingüe,Sí,Sí,Transformación Digital,Accesible a Terceros,https://digitalgreen.org/farmer-chat/,"La aplicación ofrece asistencia técnica digital para agricultores, permitiendo consultas por texto, audio o imágenes, con atención en idiomas locales. Utiliza inteligencia artificial para diagnosticar problemas en los cultivos y envía alertas oportunas sobre clima, plagas y precios de mercado, apoyando la toma de decisiones productivas."
Paddy,Internacional,Sí,Precision Development (PxD) , Orientación Técnica,Dentro ,Consultoría & Asistencia Técnica,Aplicación,Interpersonal,Extensionista,General,Pago,Productor ↔ Extensionista,Privada,Startup,Multilingüe,Sí,No,Transformación Digital,Accesible a Terceros,https://precisiondev.org/about-us/technology/,"Plataforma digital de comunicación multicanal que permite el envío y la recepción de mensajes a través de SMS, llamadas de voz, WhatsApp y otras aplicaciones de mensajería, alcanzando a usuarios con distintos niveles de conectividad y alfabetización digital. Además, ofrece contenidos personalizados, con recomendaciones adaptadas al perfil del usuario."
Plantix,Internacional,Sí,Plantix, Orientación Técnica,Dentro ,Diagnóstico e Identificación por Imagen,Aplicación,Interpersonal,Productor,General,Gratuito,Productor ↔ Contenido/Plataforma,Privada,Startup,Multilingüe,No,Sí,Transformación Digital,Accesible a Terceros,https://plantix.net/en/,"Utiliza reconocimiento de imágenes con inteligencia artificial para diagnosticar plagas, enfermedades y deficiencias de nutrientes a partir de la foto de una planta enferma"
Yara CheckIT,Internacional,No,Yara, Orientación Técnica,Dentro ,"Fertilizantes, inoculantes y nutrientes",Aplicación,Interpersonal,Productor,"Específica (Patatas, trigo, cebada, maíz, frijoles, colza)",Gratuito,Productor ↔ Contenido/Plataforma,Privada,Sector Privado,Multilingüe,No,Sí,Digitalización,Accesible a Terceros,https://platform.nutri-checknet.eu/available_products_and_tools/104/yara-checkit,"Aplicación agrícola que ofrece a los agricultores una biblioteca fotográfica de los cultivos, lo que permite la identificación simple y rápida de posibles deficiencias de nutrientes."
Control Ganadero ,Internacional,No,Control Ganadero, Orientación Técnica,Dentro ,Monitoreo y Gestión Integrada de la Producción,Aplicación,Interpersonal,Productor,Específica (bovinos),Freemium,Productor ↔ Contenido/Plataforma,Privada,Startup,Multilingüe,No,Sí,Transformación Digital,Accesible a Terceros,https://www.controlganadero.app/,"Aplicación de gestión ganadera que permite a los productores realizar un seguimiento completo del ciclo de vida de su hato, incluyendo registros de animales, producción (carne y leche), tratamientos sanitarios, nacimientos y venta"
VacApp,Internacional,No,VacApp, Gestión,Antes ,Nutrición y Salud Animal,Aplicación,Interpersonal,Productor,Específica (bovinos),Pago,Productor ↔ Contenido/Plataforma,Privada,Startup,Multilingüe,No,No,Digitalización,Accesible a Terceros,https://vacapp.net/es/#overview,"Aplicación de gestión diseñada específicamente para la ganadería extensiva (bovinos, caballos, ovejas y cabras). "
AGvisorPRO,Internacional,No,AGvisorPRO, Orientación Técnica,Dentro ,"Contenido, Educación y Red Social",Website,Medios de masa,Ambos,General,Gratuito,Productor ↔ Extensionista,Privada,Sector Privado,Multilingüe,Sí,Sí,Digitalización,Accesible a Terceros,https://getagvisorpro.com/about-agvisorpro-answers-now/#popup-menu-anchor,Es una plataforma global que conecta a productores rurales con especialistas en agricultura para resolver dudas y encontrar soluciones en tiempo real.
Lazos,Internacional,No,FAO,Comunicación,Dentro ,"Contenido, Educación y Red Social",Aplicación,Medios de masa,Productor,Específica (algodón),Gratuito,Productor ↔ Productor,Organismo Internacional,Organización Internacional,Multilingüe,No,No,Digitalización,Accesible a Terceros,https://play.google.com/store/apps/details?id=org.csslazos.lazos; https://apps.apple.com/br/app/lazos-con%C3%A9ctate-rural/id1659671550,"Red social que conecta al sector algodonero —productores, organizaciones rurales, instituciones, empresas, academia, establecimientos educativos, entre otros—. En la app se comparten noticias, eventos y otros contenidos, y cuenta con comunidades virtuales organizadas en torno a temas específicos (algodón agroecológico, seguridad alimentaria, certificación del algodón, mercados, semillas, etc.)."
Access Agriculture (Bélgica),Internacional,No,Access Agriculture,Aprendizaje,Dentro ,"Contenido, Educación y Red Social",Website + Aplicación,Medios de masa,Productor,General,Gratuito,Productor ↔ Contenido/Plataforma,Sociedad Civil Organizada,ONG / OSC,Multilingüe,No,No,Digitalización,Accesible a Terceros,https://www.accessagriculture.org/our-mission,Construir una plataforma de video de acceso abierto que contenga el recurso más grande del mundo de videos de capacitación multilingües con calidad de transmisión sobre principios agroecológicos y emprendimiento rural que combinen el conocimiento científico e indígena.
AcroSeeker™ (Japón),Internacional,No,"Nihon Nohyaku Co., Ltd. y 
NTT DATA CCS CORPORATION", Orientación Técnica,Dentro ,"Manejo y Control de Plagas (Biológico, Natural y Químico)",Aplicación,Medios de masa,Productor,General,Gratuito,Productor ↔ Contenido/Plataforma,Privada,Startup,Multilingüe,No,Sí,Transformación Digital,Accesible a Terceros,https://play.google.com/store/apps/details?id=com.nichino.ai.diagnosis&hl=pt_BR,". El “AcroSeeker™” es una herramienta que utiliza inteligencia artificial para ayudar a diagnosticar doenças, pragas y ervas daninhas que afetam sus plantasções, además de fornecer informações sobre pesticidas eficaces para eliminarlas. Use su dispositivo para fotografiar los daños causados ​​por doenças, pragas ou ervas daninhas em sua lavoura e, em seguida, toque no botão Diagnóstico por IA para diagnosticá-las"
AgriAssist (Australia),Internacional,No,Niranjan Somashekar, Gestión,Dentro ,Monitoreo y Gestión Integrada de la Producción,Aplicación,Medios de masa,Productor,General,Pago,Productor ↔ Contenido/Plataforma,Privada,Sector Privado,Multilingüe,No,No,Transformación Digital,Accesible a Terceros,https://play.google.com/store/apps/details?id=app.agriassist.com,"AgriAssist: aplicación agrícola con inteligencia artificial y funcionamiento sin conexión. Desenvolvido para agricultores en áreas rurales y con baja conectividad, o AgriAssist combina conhecimento especializado, herramientas de IA y recursos prácticos de planificación. plicativo simple y multilíngueGuías, calculadoras y registros"
Agriconecta (Panama),Internacional,No,Tri-Star Trading Group SA,Comercialización,Después,Tienda en Línea (E-commerce) y Plataformas de Marketplace,Aplicación,Medios de masa,Productor,General,Gratuito,Productor ↔ Contenido/Plataforma,Privada,Sector Privado,Espanhol,No,Sí,Digitalización,Accesible a Terceros,https://play.google.com/store/apps/details?id=com.agriconecta.agcta_smallholder_farmer; https://apps.apple.com/us/app/agriconecta/id1514667580,"AgriConecta es una aplicación gratuita que permite al agricultor estar conectado a la agricultura moderna. Por medio de la plataforma, es posible mantener contacto directo con su técnico y realizar consultas de forma práctica en su aplicación, además de acompañar información climática para proteger y planificar mejor el manejo de su trabajo."
Agrimaps (Espanâ),Internacional,No,"Infonet Consultores Informaticos Sl
", Orientación Técnica,Dentro ,Monitoreo y Gestión Integrada de la Producción,Aplicación,Medios de masa,Productor,General,Pago,Productor ↔ Contenido/Plataforma,Privada,Sector Privado,Espanhol,No,Sí,Transformación Digital,Accesible a Terceros,"https://agrimaps.es/
https://play.google.com/store/apps/details?id=com.infonetconsultores.agrimapscross; https://apps.apple.com/us/app/agrimaps/id1671973281","Caderno de campo de forma visual, fácil y ágil a partir del registro de tratamientos y operaciones técnicas, permitiendo geolocalizar incidentes, realizar el control y el monitoreo de pragas, acompañar los estados fenológicos de las culturas, monitorear operaciones técnicas, estudiar mapas y recibir alertas de Alternaria, apoyando una gestión más eficiente de lavoura."
Agrio – diagnóstico de plantas (Israel),Internacional,Sí,Saillog Ltd, Orientación Técnica,Dentro ,Diagnóstico e Identificación por Imagen,Aplicación,Medios de masa,Productor,General,Pago,Productor ↔ Contenido/Plataforma,Privada,Sector Privado,Inglês,No,Sí,Transformación Digital,Accesible a Terceros,https://apps.apple.com/us/app/agrio-plant-diagnosis-app/id1239193220;https://play.google.com/store/apps/details?id=com.agrio,"A Agrio es una herramienta de agricultura de precisión que utiliza inteligencia artificial para ayudar a los agricultores y técnicos a acompañar las labores. Una solución permite identificar y orientar el manejo de doenças y pragas de forma remota, contribuyendo para decisiones más rápidas y adecuadas no día a día de producción. Por medio de algoritmos de inteligencia artificial y visión computacional, a Agrio auxilia no monitoramento das culturas y no use mais eficiente dos recursos, com foco em melhorar a produtividade e a sustentabilidade dos sistemas produtivos."
Agrobio Efectos Secundarios,Internacional,No,"AGROBIO SL
", Orientación Técnica,Antes ,"Manejo y Control de Plagas (Biológico, Natural y Químico)",Aplicación,Medios de masa,Productor,General,Gratuito,Productor ↔ Contenido/Plataforma,Privada,Sector Privado,Multilingüe,No,No,Digitalización,Accesible a Terceros,"https://www.agrobio.es/
https://play.google.com/store/apps/details?id=com.agrobio.efectos","Manual de efectos colaterais para o uso integrado de pesticidas y organismos de control biológico o polinizadores na horticultura. La aplicación está traducida al holandés, inglés, alemán y español."
Agrokeep (Grécia),Internacional,No,Teslinskiy, Gestión,Dentro ,"Meteorología, Clima e Irrigación",Aplicación,Medios de masa,Productor,General,Gratuito,Productor ↔ Contenido/Plataforma,Privada,Sector Privado,Grego,No,Si,Digitalización,Accesible a Terceros,https://play.google.com/store/apps/details?id=com.agrokeep.Agrokeep,"Aplicativo móvil que permite acceder a datos meteorológicos de estações y a previsões agronômicas, apoiando o planejamento das atividades agrícolas. A ferramenta possibilita acompanhar as condições climáticas, consultar previsões, estimar a probabilidade de geadas, calcular o momento mais adecuado para o uso de pesticidas e estimar graus-dia e unidades térmicas relacionadas al desenvolvimento de insectos, contribuyendo para una toma de decisión más informada no manejo das lavouras."
Educativa CropLife (Colombia),Internacional,No,CropLife Latin America,Aprendizaje,Dentro ,"Contenido, Educación y Red Social",Aplicación,Medios de masa,Productor,General,Gratuito,Productor ↔ Contenido/Plataforma,Organismo Internacional,Asociación,Multilingüe,No,Si,Digitalización,Accesible a Terceros,"https://cursos.croplifela.org/pt/ 
https://play.google.com/store/apps/details?id=com.cursos_croplifela","La aplicación educativa de CropLife Latin America es una plataforma de aprendizaje voltada à capacitação em temas relacionados con el manejo y las tecnologías de control de Praga. Reúne cursos gratuitos en español, inglés y portugués, además de vídeos y palestras, lo que permite acceder a contenidos de forma flexible, por teléfono celular, en diferentes momentos y ubicaciones. La aplicación también permite la realización de pruebas de conocimiento y el acompañamiento de la formación, apoyando procesos de capacitación y certificación de forma accesoria."
BayAgri Plus (Alemania),Internacional,No,Bayer AG,Aprendizaje,Antes ,"Manejo y Control de Plagas (Biológico, Natural y Químico)",Aplicación,Medios de masa,Productor,General,Gratuito,Productor ↔ Contenido/Plataforma,Privada,Sector Privado,Inglês,No,Si,Digitalización,Accesible a Terceros,https://apps.apple.com/us/app/bayagri-plus/id6450846659; https://play.google.com/store/apps/details?id=com.bayer.vegetablesbybayer,"Aplicativo que apoia a escolha de insumos agrícolas, reuniendo información y experiencias compartidas por productores, distribuidores y otros actores del sector. La herramienta ayuda a considerar diferentes contextos regionales en la selección de productos para su trabajo."
Biofertilizando (Colombia),Internacional,No,Corporacion Colombiana de Investigacion Agropecuaria Agrosavia,Aprendizaje,Dentro ,"Contenido, Educación y Red Social",Aplicación,Medios de masa,Productor,General,Gratuito,Productor ↔ Contenido/Plataforma,Pública,Ministerio / Gobierno Federal,Espanhol,No,Si,Digitalización,Accesible a Terceros,https://play.google.com/store/apps/details?id=com.mifinca,"La biofertilización es un juego que permite aprender conceptos básicos sobre bioinsumos y biofertilizantes en particular, en el contexto de una agricultura sustentable adaptada a las mudanzas climáticas. Embora seja destinado a todas las idades, é especialmente dirigido aos jovens das comunidades rurales. El objetivo central es conseguir una mejor producción de safra en el respectivo campo de cada jugador; Através de la resolución de desafíos didácticos. La misión integra la obtención de recompensas, la adquisición de recursos de diferentes valores, las estrategias de productividad, la prevención y el combate a las amenazas, la toma de decisiones, la colaboración y el cuidado del campo."
Bug ID: Insect Identifier AI (Chipre),Internacional,No,Picture & Photo Identifier Company Ltd, Orientación Técnica,Dentro ,Diagnóstico e Identificación por Imagen,Aplicación,Medios de masa,Productor,General,Pago,Productor ↔ Contenido/Plataforma,Privada,Sector Privado,Multilingüe,No,Si,Transformación Digital,Accesible a Terceros,"https://play.google.com/store/apps/details?id=com.niroapps.insects; 
https://apps.apple.com/us/app/bug-identifier-ai-insect-id/id1588031278","La aplicación Identificação de Insetos permite reconocer insectos a partir del envío de una foto, utilizando recursos de inteligencia artificial. A ferramenta consulta um amplo banco de imágenes para auxiliar na identificación de diferentes especies de insectos y arañas, ofreciendo apoyo a la observación y al conocimiento de la biodiversidad presente en áreas productivas y no entorno."
Portal de Bioproteção da CABI,Internacional,No,CABI , Orientación Técnica,Antes ,"Manejo y Control de Plagas (Biológico, Natural y Químico)",Site,Medios de masa,Ambos,General,Gratuito,Productor ↔ Contenido/Plataforma,Organismo Internacional,ONG / OSC,Multilingüe,No,Si,Transformación Digital,Accesible a Terceros,https://bioprotectionportal.com/homepage/?pk_abe=BPP-Production-Site-HomePage-AB-test&pk_abv=homepage,"Ferramenta digital de acceso gratuito que reúne información sobre productos de biocontrol y biopesticidas registrados en diferentes países. Una plataforma permite consultar datos técnicos para identificar y utilizar adecuadamente estos productos sin manejo agrícola. Está disponible en línea, con previsión de una versión para uso fuera de línea."
Compêndio CABI: Proteção de Cultivos,Internacional,No,CABI ,Aprendizaje,Dentro ,"Contenido, Educación y Red Social",Site,Medios de masa,Ambos,General,Pago,Productor ↔ Contenido/Plataforma,Organismo Internacional,ONG / OSC,Multilingüe,No,Si,Transformación Digital,Accesible a Terceros,https://www.cabidigitallibrary.org/product/QC,"Este canal reúne información técnica sobre prácticas agrícolas y temas relacionados con la salud vegetal, con el objetivo de apoyar una consulta y una toma de decisión. El conocimiento sobre la abrangência global y se actualiza periódicamente con nuevas evidencias científicas y datos producidos por organizaciones especializadas."
Códice Alimentarius,Internacional,No,FAO, Orientación Técnica,Antes ,"Manejo y Control de Plagas (Biológico, Natural y Químico)",Site,Medios de masa,Ambos,General,Gratuito,Productor ↔ Contenido/Plataforma,Organismo Internacional,Organización Internacional,Multilingüe,No,Sí,Digitación,Accesible a Terceros,https://www.fao.org/fao-who-codexalimentarius/codex-texts/dbs/pestres/pesticides/en/,"Reúna normas y textos relacionados con la seguridad de los alimentos. A página apresenta um índice de pesticidas, no qual é possível consultar informações sobre os usos autorizados de cada sustancia, com base em padrões adotados internacionalmente pela FAO e pela OMS."
COMPO EXPERT Crop Companion (Alemania),Internacional,No,Compo Expert, Orientación Técnica,Antes ,"Fertilizantes, inoculantes y nutrientes",Aplicación,Medios de masa,Ambos,General,Pago,Productor ↔ Contenido/Plataforma,Privada,Sector Privado,Inglês,No,Si,Digitalización,Accesible a Terceros,https://apps.apple.com/us/app/compo-expert-crop-companion/id1633269835,"La herramienta reúne información técnica sobre productos agrícolas y recomendaciones de uso, ayudando a consultar datos relevantes para el manejo de plantas y tomando decisiones en el campo de forma práctica del celular."
Cuaderno de campo agrícola-Agricolum (Espanã),Internacional,No,Agroculum SL., Gestión,Dentro ,Monitoreo y Gestión Integrada de la Producción,Aplicación,Medios de masa,Productor,General,Freemium,Productor ↔ Contenido/Plataforma,Privada,Sector Privado,Espanhol,No,No,Transformación Digital,Accesible a Terceros,https://play.google.com/store/apps/details?id=com.agricolum,"Agricolum es una herramienta digital voltada en el registro y en la organización de actividades agrícolas. Ele permite acompañar operaciones realizadas en el campo, como manejos, aplicaciones y tareas productivas, apoyando el control técnico y la gestión de propiedad. La herramienta busca facilitar el acompañamiento de la información del trabajo de forma práctica."
Di@gnoPlant Tomate (Francia),Internacional,No,INRAE, Orientación Técnica,Dentro ,Diagnóstico e Identificación por Imagen,Aplicación,Medios de masa,Productor,General,Gratuito,Productor ↔ Contenido/Plataforma,Privada,Sector Privado,Multilingüe,No,No,Transformación Digital,Accesible a Terceros,https://apps.apple.com/us/app/di-gnoplant-tomate/id488120582,"Aplicación desarrollada por INRA para identificar las enfermedades y los bioagresores del tomate en campo abierto y en ambientes protegidos. La herramienta permite el reconocimiento visual de diferentes problemas que afectan a la cultura, utilizando series de imágenes para auxiliar en la identificación gradual de las posibles causas, ya sean ellas de origen parasitarias o no, contribuyendo al diagnóstico técnico en el manejo de la cultura."
Sistema de Monitoramento e Alerta Precoce da Lagarta-do-Cartucho (FAMEWS),Internacional,No,FAO, Orientación Técnica,Antes ,"Manejo y Control de Plagas (Biológico, Natural y Químico)",Aplicación,Medios de masa,Ambos,General,Gratuito,Productor ↔ Contenido/Plataforma,Organismo Internacional,Organización Internacional,Multilingüe,No,Sí,Transformación Digital,Accesible a Terceros,https://apps.apple.com/us/app/famews/id1476559185,"Aplicación móvil diseñada por la FAO para aplicar el seguimiento de Praga en diferentes regiones. La herramienta permite el registro padronizado de observaciones de campo por agricultores, extensionistas y otros actores, contribuyendo para el acompañamiento de la corrección de lagarta-do-cartucho y para la generación de información de alerta en escala local y global."
FAO elearning Academy,Internacional,No,FAO,Aprendizaje,Dentro ,"Contenido, Educación y Red Social",Site,Medios de masa,Ambos,General,Gratuito,Productor ↔ Contenido/Plataforma,Organismo Internacional,Organización Internacional,Multilingüe,No,Sí,Digitalización,Accesible a Terceros,https://elearning.fao.org/?lang=em,"Plataforma de cursos a distancia que reúne contenidos formativos gratuitos en diferentes idiomas. Los cursos pueden realizarse al ritmo del propio participante, con acceso en línea o con medios de material para descargar, apoyándose a aprender sobre diversos temas de acuerdo con las necesidades e intereses individuales."
FAO Gafanhoto PMS (Italia),Internacional,No,FAO, Orientación Técnica,Antes ,"Manejo y Control de Plagas (Biológico, Natural y Químico)",Aplicación,Medios de masa,Ambos,General,Gratuito,Productor ↔ Contenido/Plataforma,Organismo Internacional,Organización Internacional,Multilingüe,No,Sí,Digitalización,Accesible a Terceros,https://play.google.com/store/apps/details?id=org.fao.locust_pms,Sistema de Gestión de Pesticidas para el Control de Gafanhotos de la FAO para facilitar la gestión de pesticidas y equipos utilizados sin control de gafanhotos.
FarmBetter – Extension Agent App (Reino Unido),Internacional,No,"Farmbetter Lt
",Comunicación,Dentro ,"Contenido, Educación y Red Social",Aplicación,Medios de masa,Productor,General,Gratuito,Productor ↔ Contenido/Plataforma,Organismo Internacional,ONG / OSC,Multilingüe,No,,Digitalización,Accesible a Terceros,https://play.google.com/store/apps/details?id=io.farmbetter.farmbetter_extension_agent_app,"Aplicativo voltado ao trabalho de extensionistas e agentes de campo. A ferramenta permite registrar información de agricultores, acompañar visitas técnicas, coletar datos produtivos y monitorear atividades realizadas nas propiedades. La aplicación apoya a la organización del trabajo de extensión rural, facilitando el acompañamiento de dos productores y la sistematización de la información recogida en el campo."
FarmXtension Cocoa Global (Indonesia),Internacional,No,PT. KOLTIVA,Comercialización,Antes ,"Gestión Documental, Certificaciones, Registros y Regularización ",Aplicación,Medios de masa,Productor,Específica (Cacau),Gratuito,Productor ↔ Contenido/Plataforma,Privada,Startup,Multilingüe,No,Sí,Transformación Digital,Accesible a Terceros,https://play.google.com/store/apps/details?id=com.nestle.cocoatrace,"CocoaTrace es una aplicación diseñada para monitorear y rastrear la cadencia del cacao. La herramienta permite registrar información sobre productores, producción y comercialización, contribuyendo para el acompañamiento de las actividades en el campo y para la transparencia a lo largo de la cadena productiva."
Calculadora de conversão de fertilizantes (Israel),Internacional,No,Haifa Group, Orientación Técnica,Antes ,"Fertilizantes, inoculantes y nutrientes",Site,Medios de masa,Productor,General,Gratuito,Productor ↔ Contenido/Plataforma,Privada,Sector Privado,Inglês,No,Sí,Transformación Digital,Accesible a Terceros,https://www.haifa-group.com/fertilizer-conversion-calculator,"Herramientas para ayudar a convertir fácilmente entre diversas unidades usadas en el área agrícola: ppm para mmol/l y meq/l, rendimiento y taxa de conversión, unidades de CE."
LifeGrow (Uganda),Internacional,No,CTI Africa Limited, Gestión,Dentro ,Monitoreo y Gestión Integrada de la Producción,Aplicación,Medios de masa,Productor,General,Pago,Productor ↔ Contenido/Plataforma,Privada,Sector Privado,Inglês,No,Sí,Transformación Digital,Accesible a Terceros,https://play.google.com/store/apps/details?id=com.ctiafrica.lifegrow,"LifeGrow es una aplicación volcada para apoyar a agricultores y técnicos en el acompañamiento de actividades productivas. La herramienta permite registrar información sobre tareas, prácticas de manejo y datos de campo, contribuyendo para la organización de la información y el acompañamiento del desempeño de los productos."
Map My Crop (Estados Unidos),Internacional,No,"Hardcastle Agrotech Solutions Inc.
", Orientación Técnica,Dentro ,Sensoriamento Remoto,Aplicación,Medios de masa,Productor,General,Gratuito,Productor ↔ Contenido/Plataforma,Privada,Sector Privado,Inglês,No,Sí,Transformación Digital,Accesible a Terceros,https://play.google.com/store/apps/details?id=com.mapmycroplite.mmc,"Ferramenta digital voltada ao monitoramento de lavouras por meio de imágenes de satélite. La aplicación permite acompañar aspectos como el desarrollo de culturas, condiciones generales de trabajo y variables climáticas, apoyando o acompañando remotamente las áreas productivas. A ferramenta utiliza dados atualizados para auxiliares agricultores, agrônomos e técnicos na análise e no planejamento das atividades agrícolas."
Meteobot (Bulgaria),Internacional,No,Prointegra Ood, Orientación Técnica,Dentro ,"Meteorología, Clima e Irrigación",Aplicación,Medios de masa,Productor,General,Freemium,Productor ↔ Contenido/Plataforma,Privada,Sector Privado,Multilingüe,No,Sí,Transformación Digital,Accesible a Terceros,https://play.google.com/store/apps/details?id=biz.prointegra.meteobot; https://apps.apple.com/gb/app/meteobot/id1266582375,Aplicación de estación meteorológica que requiere información en tiempo real sobre las condiciones meteorológicas y solo en áreas cultivadas.
Pesticidas e Alternativas (Itália),Internacional,No,ISEAL Alliance, Orientación Técnica,Antes ,"Manejo y Control de Plagas (Biológico, Natural y Químico)",Aplicación,Medios de masa,Productor,General,Gratuito,Productor ↔ Contenido/Plataforma,Privada,Sector Privado,Multilingüe,No,Sí,Digitalización,Accesible a Terceros,https://apps.apple.com/us/app/pesticides-alternatives/id1461460997,"Herramienta multilingüe orientada al apoyo al control de plagas con menor impacto ambiental y sobre la salud humana. La aplicación está dirigida a auditores y tomadores de decisiones que actúan en fincas, áreas agrícolas y forestales. La herramienta permite consultar información sobre la toxicidad de pesticidas con base en datos de autoridades gubernamentales, acuerdos internacionales e instituciones académicas; verificar el estado de restricción de más de 700 ingredientes activos según distintos sistemas y estándares de certificación; acceder a listas de pesticidas registrados por cultivo y plaga en México e India, y por cultivo en Brasil, Colombia y Kenia; además de consultar alternativas no químicas para el control de cerca de 2.700 plagas y enfermedades con base en información de CABI, incluido el acceso a PlantWise. La aplicación también está disponible con interfaz y contenidos en inglés, español y portugués.."
PictureThis Identificar Planta (Hong Kong),Internacional,Sí,Glority Global Group Limited, Orientación Técnica,Dentro ,Diagnóstico e Identificación por Imagen,Aplicación,Medios de masa,Ambos,General,Pago,Productor ↔ Contenido/Plataforma,Privada,Sector Privado,Multilingüe,No,Sí,Transformación Digital,Accesible a Terceros,https://play.google.com/store/apps/details?id=cn.danatech.xingseus,"Ferramenta digital para identificación de plantas, con alta taxa de precisión, capaz de reconocer diariamente un gran volumen de especies. Permite identificar flores, árboles, suculentas y otras plantas, ofreciendo información descriptiva, imágenes y orientaciones básicas de manejo. A ferramenta pode ser utilizada tanto por usuarios expertos como iniciantes, apoiando o aprendizado y o cuidado con plantas y jardines."
Identificador de Doenças de Plantas (China),Internacional,Sí,Aleksei Metelkin, Orientación Técnica,Dentro ,Diagnóstico e Identificación por Imagen,Aplicación,Medios de masa,Ambos,General,Gratuito,Productor ↔ Contenido/Plataforma,Privada,Sector Privado,Multilingüe,No,Sí,Transformación Digital,Accesible a Terceros,https://apps.apple.com/us/app/plant-disease-identifier/id1550499292,"Aplicativo basado en técnicas de visión computacional y aprendiz de máquina, diseñado para lograr la identificación de donas en plantas a partir de imágenes de hojas con síntomas visuales. La herramienta reúne información sobre más de 300 personas vegetales y presenta orientaciones generales sobre posibles estrategias de manejo y tratamiento. O use la presión adecuada y tenga en cuenta las recomendaciones técnicas y las instrucciones fornecidas del aplicativo."
Plantix (Alemania),Internacional,No,PEAT GmbH, Orientación Técnica,Dentro ,Diagnóstico e Identificación por Imagen,Site,Medios de masa,Ambos,General,Gratuito,Productor ↔ Contenido/Plataforma,Privada,Sector Privado,Inglês,Sí,Sí,Digitalización,Accesible a Terceros,"https://plantix.net/en/library/plant-diseases/
https://play.google.com/store/apps/details?id=com.peat.GartenBank&hl=en&utm_content=en&utm_medium=web_library&utm_source=plantix_web&referrer=utm_content%3Den%26utm_medium%3Dweb_library%26utm_source%3Dplantix_web","El sitio contiene fotos y fichas informativas para auxiliar os agricultores no diagnóstico de pragas, doenças e deficiencias nutricionales. También ofrecemos un servicio gratuito de diagnóstico de lavouras a través de WhatsApp."
PlantVillage (Estados Unidos),Internacional,No,The Pennsylvania State University, Orientación Técnica,Dentro ,Diagnóstico e Identificación por Imagen,Aplicación,Medios de masa,Productor,General,Gratuito,Productor ↔ Contenido/Plataforma,Pública,Universidad,Inglês,No,No,Transformación Digital,Accesible a Terceros,https://apps.apple.com/us/app/plantvillage-nuru/id1441395371; https://play.google.com/store/apps/details?id=plantvillage.nuru,"Aplicación de acceso público que utiliza un asistente digital para detectar o diagnosticar doenças em lavouras, incluso en contextos sin conexión a Internet. Desarrollado en la Universidade Estadual da Pensilvânia (Penn State University), una herramienta basada en técnicas de aprendiz de máquina, utilizando una plataforma TensorFlow de Google y un banco de datos de imágenes para identificar síntomas visuales en plantas y tomar una decisión en el manejo agrícola."
Rauch (Alemania),Internacional,No,"Rauch Landmaschinenfabrik Gesellschaft mit beschränkter Haftung
", Orientación Técnica,Antes ,"Fertilizantes, inoculantes y nutrientes",Aplicación,Medios de masa,Productor,General,Gratuito,Productor ↔ Contenido/Plataforma,Privada,Sector Privado,Alemão,No,No,Digitalización,Accesible a Terceros,https://play.google.com/store/apps/details?id=de.ms.neusta.rauch_streutabelle_android,"La aplicación RAUCH (anteriormente ""Tabela de fertilizantes"") es una tabla de configuración interactiva para las series de distribuidores de fertilizantes RAUCH atuais y anteriores, que, ao contrario de la versión en línea en la web, también pueden usarse sin conexión con Internet. No aplicativo RAUCH distribuidor de fertilizantes RAUCH usted encontrará valores de configuración específicos para una dosificación y distribución de más de 3.000 fertilizantes diferentes, granos y granos finos, que se calculan dinámicamente para su modelo y configuración, mesmo para máquinas sin controles eléctricos."
Avaliação simples da estrutura do solo para o agricultor (Reino Unido),Internacional,No,Landwirtschaftsverlag GMBH, Orientación Técnica,Antes ,Análisis de Suelo y Plantas,Aplicación,Medios de masa,Productor,General,Gratuito,Productor ↔ Contenido/Plataforma,Privada,Sector Privado,Multilingüe,No,No,Digitalización,Accesible a Terceros,https://apps.apple.com/us/app/simple-soil-structure-assessment-for-the-farmer/id882487664,"Presenta un método simplificado para la evaluación de la estructura do solo, con el objetivo de apoiar a analizar su estado actual en contextos de planta directa y de manejo del tráfego agrícola. La evaluación considera diferentes camadas del perfil del solo: superficie, solo superficial cultivado, base del solo superficial y subsolo adyacente, examinando aspectos como organización estructural, penetración radicular, actividad biológica (como presencia de minhocas) e incorporación de residuos."
SOW - A Planting Companion (Estados Unidos),Internacional,Sí,"Alabama Cooperative Extension System
", Orientación Técnica,Dentro ,Consultoría & Asistencia Técnica,Aplicación,Medios de masa,Productor,General,Gratuito,Productor ↔ Contenido/Plataforma,Sociedad Civil Organizada,Cooperativa,Inglês,No,Sí,Transformación Digital,Accesible a Terceros,https://play.google.com/store/apps/details?id=edu.aces.SOW,"La aplicación que hemos diseñado para apoiar el planeamiento de las plantas en hortas, indicando períodos más adecuados para el cultivo conforme a la localización seleccionada. Al elegir una cultura, el usuario puede acceder a información complementaria, como el tiempo estimado en la colheita, la productividad aproximada de la planta y las recomendaciones de espacio entre plantas."
Syngenta Agrimecum (Suiza),Internacional,No,"Syngenta Crop Protection AG
", Orientación Técnica,Antes ,"Manejo y Control de Plagas (Biológico, Natural y Químico)",Aplicación,Medios de masa,Productor,General,Gratuito,Productor ↔ Contenido/Plataforma,Privada,Sector Privado,Espanhol,No,Sí,Digitalización,Accesible a Terceros,https://play.google.com/store/apps/details?id=com.catalogo.syngenta,"Aplicativo que reúne información técnica sobre la cartera de productos de la empresa, incluidos insecticidas, herbicidas, fungicidas y tratamientos de sementes. A ferramenta presenta características generales de los productos, orientaciones de uso, indicaciones para el control de pragas e plantas daninhas, además de información sobre dosificadores, servindo como material de consulta técnica."
The Biocontrol Advisor (Francia),Internacional,No,Bioline Agrosciences France, Orientación Técnica,Antes ,"Manejo y Control de Plagas (Biológico, Natural y Químico)",Aplicación,Medios de masa,Productor,General,Gratuito,Productor ↔ Contenido/Plataforma,Privada,Sector Privado,Inglês,No,No,Digitalización,Accesible a Terceros,https://play.google.com/store/apps/details?id=bioline.app,"La aplicación Bioline, desarrollada en Bioline Agrosciences, fue creada para ayudar a los productores a actividades cotidianas en el campo. A ferramenta reúne informações técnicas sobre biossoluções da empresa, ofreciendo conteúdos de consulta voltados ao esclarecimento de dúvidas operacionais e ao manejo agrícola. Los materiales esenciales pueden accederse de forma fuera de línea, lo que permite el uso de aplicaciones en áreas con conectividad limitada."
ABC Rural,Paraguay,Sí,Asociación Rural del Paraguay (ARP),Aprendizaje,Dentro ,"Contenido, Educación y Red Social",Website,Medios de masa,Productor,General,Gratuito,Productor ↔ Contenido/Plataforma,Sociedad Civil Organizada,Asociación,Espanhol,No,Sí,Digitalización,Accesible a Terceros,https://www.youtube.com/@ABCRURALPARAGUAY,"Canal de comunicación agropecuaria vinculado a la Asociación Rural del Paraguay, dedicado a la difusión de información, noticias y contenidos técnicos dirigidos al sector rural paraguayo."
Agroayuda,Paraguay,Sí,MAG,Comercialización,Después,Tienda en Línea (E-commerce) y Plataformas de Marketplace,Aplicación,Medios de masa,Productor,General,Gratuito,Productor ↔ Contenido/Plataforma,Pública,Ministerio / Gobierno Federal,Espanhol,No,Sí,Digitalización,Accesible a Terceros,https://iica.int/es/noticias/innovacion-digital-traves-de-plataforma-movil-sera-implementada-para-comercializar/,"Agroayuda es una plataforma digital móvil de asistencia técnica y apoyo a la comercialización agrícola que brinda a productores información técnica, precios de mercado, oportunidades de compras públicas y orientación productiva. La herramienta facilita el acceso a asesoramiento especializado a distancia, fortalece la toma de decisiones en la finca y contribuye a mejorar la articulación entre productores, mercados e instituciones"
Registro de la Agricultura Familiar Asistida - RAFA,Paraguay,Sí,Plataforma Deag , Gestión,Antes ,"Gestión Institucional de Registro, Monitoreo y Catastro de ATER",Website,No se aplica,Extensionista,General,No se aplica,Extensionista ↔ Contenido/Plataforma,Pública,Ministerio / Gobierno Federal,Espanhol,No,Sí,Digitación,Uso Interno (Institucional), deag.mag.gov.py,"Permite registrar productores y familias rurales, recopilar datos socioeconómicos, localización geográfica, uso de la tierra, producción, infraestructura, servicios básicos y el seguimiento de las acciones de asistencia técnica y extensión rural, apoyando la planificación, el monitoreo y la formulación de políticas públicas."
Visita a Finca,Paraguay,No,Plataforma Deag , Orientación Técnica,Antes ,"Gestión Institucional de Registro, Monitoreo y Catastro de ATER",Website,No se aplica,Extensionista,General,No se aplica,Extensionista ↔ Contenido/Plataforma,Pública,Ministerio / Gobierno Federal,Espanhol,No,Sí,Digitación,Uso Interno (Institucional), deag.mag.gov.py,"Herramienta digital utilizada por técnicos de extensión rural para registrar, durante las visitas a las fincas, información detallada sobre el productor y su familia, la tenencia y uso de la tierra, la producción agropecuaria, la infraestructura, los servicios básicos, los insumos, el trabajo, el acceso al crédito y la asistencia técnica. Apoya el seguimiento sistemático de las fincas, el monitoreo de las acciones de ATER y la generación de datos para la planificación, la evaluación y la formulación de políticas públicas orientadas a la agricultura familiar."
Registro de la Agricultura Familiar Individual -RAFI,Paraguay,No,Plataforma Deag , Gestión,Antes ,"Gestión Institucional de Registro, Monitoreo y Catastro de ATER",Website,No se aplica,Extensionista,General,No se aplica,Extensionista ↔ Contenido/Plataforma,Pública,Ministerio / Gobierno Federal,Espanhol,No,Sí,Digitación,Uso Interno (Institucional), deag.mag.gov.py,"Permite registrar productores rurales individuales, recopilar información socioeconómica, productiva y geográfica, y dar seguimiento a las acciones de asistencia técnica y extensión rural, apoyando la planificación y el diseño de políticas públicas."
Estaciones Meteorológicas,Paraguay,No,Plataforma Deag , Orientación Técnica,Dentro ,"Meteorología, Clima e Irrigación",Website,No se aplica,Productor,General,Gratuito,Extensionista ↔ Contenido/Plataforma,Pública,Ministerio / Gobierno Federal,Espanhol,No,Sí,Digitalización,Accesible a Terceros,https://deag.mag.gov.py/estaciones.html,"Plataforma digital de monitoreo meteorológico que reúne datos en tiempo real de estaciones meteorológicas distribuidas en el territorio, presentando información como temperatura, precipitación, viento y pronóstico del tiempo."
Capacitación,Paraguay,No,Plataforma Deag ,Aprendizaje,Dentro ,"Contenido, Educación y Red Social",Website,No se aplica,Extensionista,General,No se aplica,Extensionista ↔ Contenido/Plataforma,Pública,Ministerio / Gobierno Federal,Espanhol,No,Sí,Digitalización,Accesible a Terceros, deag.mag.gov.py,"Ofrece cursos y contenidos formativos, incluyendo modalidades en línea, dirigidos a técnicos de extensión rural y a productores de la agricultura familiar."
Agrobuch,Paraguay,Sí,FECOPROD, Orientación Técnica,Dentro ,"Análisis de Suelo y Plantas
Fertilizantes, inoculantes y nutrientes
Agropecuaria de Precisión y Optimización de Insumos",Website,Medios de masa,Ambos,General,No se aplica,Productor ↔ Contenido/Plataforma,Pública,Cooperativa,Espanhol,No,Sí,Digitalización,Uso Interno (Institucional),agrobuch,"Plataforma digital que integra información técnica, datos geográficos y herramientas de agricultura de precisión para apoyar la toma de decisiones en el campo. La herramienta permite el monitoreo de parcelas agrícolas, análisis de suelo y fertilidad, seguimiento de la producción, uso de geoprocesamiento y apoyo a prácticas de producción sostenible, funcionando como un “libro digital del productor” para la gestión técnica y ambiental de la propiedad."
Big Campo,Paraguay,Sí,FECOPROD, Gestión,Dentro ,Monitoreo y Gestión Integrada de la Producción,Website + Aplicación,Medios de masa,Productor,General,No se aplica,Productor ↔ Contenido/Plataforma,Sociedad Civil Organizada,Cooperativa,Espanhol,No,Sí,Digitalización,Uso Interno (Institucional),https://bigcampo.fecoprod.com.py/publico,"Gestión del Establecimiento Agropecuario: Ganadero, Lechero, Agrícola"
TRAZAPPY,Paraguay,Sí,FECOPROD,Comercialización,Dentro ,Monitoreo y Gestión Integrada de la Producción,Website + Aplicación,Medios de masa,Productor,Específica  (leche),No se aplica,Productor ↔ Contenido/Plataforma,Sociedad Civil Organizada,Cooperativa,Espanhol,Sí,No,Digitalización,Uso Interno (Institucional),https://trazappy.fecoprod.com.py/web/home,Sistema de Trazabilidad de Productos Agrícolas
FECOCLIMA,Paraguay,No,FECOPROD, Orientación Técnica,Dentro ,"Meteorología, Clima e Irrigación",Website,Medios de masa,Productor,General,No se aplica,Productor ↔ Contenido/Plataforma,Sociedad Civil Organizada,Cooperativa,Espanhol,No,Sí,Digitalización,Uso Interno (Institucional),https://fecoclima.fecoprod.com.py/clima/#/climaActual,"Red de Estaciones Agrometeorológicas: temperatura, lluvia, humedad, presión, fenología de cultivos"
Siscole Smart,Paraguay,Sí,FECOPROD, Orientación Técnica,Dentro ,Monitoreo y Gestión Integrada de la Producción,Aplicación ,Medios de masa,Productor,Específica  (leche),No se aplica,Productor ↔ Contenido/Plataforma,Sociedad Civil Organizada,Cooperativa,Espanhol,No,Sí,Digitalización,Uso Interno (Institucional),https://ti.fecoprod.com.py/siscole/Account/Login?ReturnUrl=%2fsiscole,"Aplicación para Smartphones, donde el Productor podrá consultar la situación de su tambo, sus animales, calendario de partos y secados, resultados de análisis de calidad."
INIA móvil - Caracterización climática para cultivos,Uruguay,Sí,INIA, Orientación Técnica,Dentro ,"Meteorología, Clima e Irrigación",Website + Aplicación,Medios de masa,Productor,"Específica (trigo-cebada, colza, soj y, maíz)",Gratuito,Productor ↔ Contenido/Plataforma,Pública,Empresa Pública de Investigación,Espanhol,No,Sí,Digitación,Accesible a Terceros,https://www.inia.uy/caracterizacion-climatica-para-cultivos,"Los informes contenidos en esta sección conforman una caracterización climática de cada zafra agrícola para los principales cultivos de invierno (trigo-cebada, colza) y verano (soja, maíz)"
INIA móvil -  OptiMix ,Uruguay,No,INIA, Orientación Técnica,Dentro ,Agropecuaria de Precisión y Optimización de Insumos,Website + Aplicación,Medios de masa,Productor,Específica (forrajeras),Gratuito,Productor ↔ Contenido/Plataforma,Pública,Empresa Pública de Investigación,Espanhol,No,Sí,Digitalización,Accesible a Terceros,https://www.inia.uy/optimix-herramienta-para-definir-especies-en-mezclas-forrajeras,Herramienta Para Definir Especies En Mezclas Forrajeras
"INIA móvil - Modelo Fenológico para Estimación de Floración en Trigo, Cebada y Maíz",Uruguay,Sí,INIA, Orientación Técnica,Dentro ,"Contenido, Educación y Red Social",Paneles de Monitoreo (Dashboards),Medios de masa,Extensionista,"Específica (Maíz, trigo y cebada)",Gratuito,Extensionista ↔ Contenido/Plataforma,Pública,Empresa Pública de Investigación,Espanhol,No,Sí,Digitalización,Accesible a Terceros,https://www.inia.uy/modelo-fenologico-para-estimacion-de-floracion-en-trigo-cebada-y-maiz,"Permite calcular la fecha de floración, según localidad, época de emergencia y variedad elegida, para trigo, cebada y maíz."
INIA móvil – AlertaOvina ,Uruguay,Sí,INIA, Orientación Técnica,Antes ,Nutrición y Salud Animal, Aplicación,Medios de masa,Productor,Específica (ovinos),Gratuito,Productor ↔ Contenido/Plataforma,Pública,Empresa Pública de Investigación,Espanhol,No,Sí,Digitalización,Accesible a Terceros,https://www.inia.uy/alertaovina,"La herramienta suma tecnología y conocimiento local, ayudando a proteger la producción ovina. Brinda información para la sobrevivencia de los corderos al nacimiento, anticipándose a condiciones climáticas adversas"
INIA móvil – EfiCarne ,Uruguay,No,INIA, Gestión,Dentro ,Monitoreo y Gestión Integrada de la Producción,Website + Aplicación,Medios de masa,Productor,Específica (bovinos),Gratuito,Productor ↔ Contenido/Plataforma,Pública,Empresa Pública de Investigación,Espanhol,No,Sí,Digitalización,Accesible a Terceros,https://www.inia.uy/index.php/eficarne,Herramienta web para la gestión de la alimentación de bovinos en sistemas pastoriles intensivos.
INIA móvil - FertiRIEGO Horticultura,Uruguay,No,INIA, Orientación Técnica,Antes ,"Fertilizantes, inoculantes y nutrientes",Website + Aplicación,Medios de masa,Extensionista,Específica (horticultura),Gratuito,Extensionista ↔ Contenido/Plataforma,Pública,Empresa Pública de Investigación,Espanhol,No,Sí,Digitalización,Accesible a Terceros,https://www.inia.uy/fertiriego-horticultura,Software de soporte a la toma de decisiones que realiza recomendaciones de riego y aporte de fertilizantes para el cultivo de tomate bajo invernáculo en Uruguay
INIA móvil - INIA CLIMArroz,Uruguay,No,INIA,Aprendizaje,Dentro ,"Meteorología, Clima e Irrigación",Website + Aplicación,Medios de masa,Extensionista,Específica (arroz),Gratuito,Extensionista ↔ Contenido/Plataforma,Pública,Empresa Pública de Investigación,Espanhol,No,Sí,Digitalización,Accesible a Terceros,https://www.inia.uy/inia-climarroz,Herramienta diseñada para técnicos y productores que facilita el monitoreo climático y la predicción de eventos fenológicos en el cultivo de arroz.
INIA móvil - INIAlog Forestal,Uruguay,Sí,INIA,Aprendizaje,Dentro ,"Contenido, Educación y Red Social",Website + Aplicación,Medios de masa,Extensionista,Específica (florestal),Gratuito,Extensionista ↔ Contenido/Plataforma,Pública,Empresa Pública de Investigación,Espanhol,No,Sí,Digitalización,Accesible a Terceros,www.inialog.org.uy,"Herramienta para técnicos, productores y empresas del sector forestal, que permite acceder a información y productos tecnológicos para optimizar la gestión de recursos forestales. Este catálogo digital reúne publicaciones, metodologías y herramientas prácticas"
INIA móvil - INIA Termomín,Uruguay,No,INIA, Orientación Técnica,Dentro ,"Meteorología, Clima e Irrigación",Aplicación,Medios de masa,Ambos,General,Gratuito,Productor ↔ Contenido/Plataforma,Pública,Empresa Pública de Investigación,Espanhol,No,Sí,Digitalización,Accesible a Terceros,https://www.inia.uy/inia-termomin,"Permite acceder a un pronóstico de hasta 5 días, de las temperaturas mínimas del aire (a dos metros de altura) y sobre el suelo, para tomar decisiones a tiempo que eviten o minimicen pérdidas productivas. "
INIA móvil - CultiDatos_Uy,Uruguay,No,INIA, Orientación Técnica,Dentro ,Semillas y Plantines, Paneles de Monitoreo (Dashboards),Medios de masa,Ambos,"Específica (Trigo, raigrás, colza, festuca, soja y alfafa).",Gratuito,Productor ↔ Contenido/Plataforma,Pública,Empresa Pública de Investigación,Espanhol,No,Sí,Digitación,Accesible a Terceros,https://www.inia.uy/index.php/cultidatosuy-aplicacion-de-analisis-y-seleccion-de-cultivares,"Aplicación web que facilita el acceso y la comparación de información oficial de cultivares en Uruguay, apoyando la elección de materiales según la situación productiva "
INIA móvil - CultiDOCTOR_UY ,Uruguay,Sí,INIA, Orientación Técnica,Dentro ,"Contenido, Educación y Red Social",Website + Aplicación,Interpersonal,Productor," Específica (Trigo, Cebada, Avena, Triticale, Soja y Colza)",Gratuito,Productor ↔ Contenido/Plataforma,Pública,Empresa Pública de Investigación,Espanhol,No,Sí,Digitalización,Accesible a Terceros,ttps://www.inia.uy/cultidoctoruy-una-nueva-herramienta-para-identificacion-de-enfermedades-en-cultivos,"Aplicación que tiene como objetivo brindar a técnicos y productores una guía práctica que permita una identificación rápida a campo de las enfermedades para los cultivos de trigo, cebada, triticale, avena, soja y colza."
INIA móvil - TERMOESTRÉS BOVINOS,Uruguay,No,INIA, Orientación Técnica,Dentro ,"Meteorología, Clima e Irrigación",Website + Aplicación,Medios de masa,Productor,Específica (bovinos),Gratuito,Productor ↔ Contenido/Plataforma,Pública,Empresa Pública de Investigación,Espanhol,No,Sí,Digitalización,Accesible a Terceros,https://www.inia.uy/inia-termoestres,"Brindar al usuario información fundamentada en el reconocido Índice de Temperatura y Humedad (ITH), para dos sistemas productivos - carne y leche, en condiciones extensivas o intensivas de producción."
INIA móvil –Previsión de estrés calórico en bovinos,Uruguay,No,INIA, Orientación Técnica,Dentro ,"Meteorología, Clima e Irrigación",Website,Medios de masa,Extensionista,Específica (bovinos),Gratuito,Extensionista ↔ Contenido/Plataforma,Pública,Empresa Pública de Investigación,Espanhol,No,Sí,Digitalización,Accesible a Terceros,https://www.inia.uy/prevision-de-estres-calorico-en-bovinos-0,"Herramienta que prevé el riesgo de estrés calórico en bovinos de carne y leche con hasta siete días de anticipación, a partir del Índice de Temperatura y Humedad (ITH), apoyando a productores y técnicos en la adopción de medidas preventivas para reducir pérdidas en bienestar y productividad."
Grupos de WhatsApp institucionalizados,Uruguay,Sí,SNIDER, Orientación Técnica,Dentro ,Consultoría & Asistencia Técnica, Grupos de Mensajería,Medios de masa,Productor,General,Gratuito,Productor ↔ Extensionista,Pública,Ministerio / Gobierno Federal,Espanhol,Sí,Sí,Digitalización,Accesible a Terceros,https://www.encuentrorural.uy/,"Espacios digitales  organizados y moderados por organizaciones del sistema de ATER, utilizados para promover el intercambio de información técnica, el acompañamiento productivo y el fortalecimiento de comunidades de práctica. Estos grupos pueden operar de forma integrada con acciones presenciales, siguen metodologías definidas, cuentan con gobernanza institucional y producción planificada de contenidos, y buscan ampliar el alcance, la eficiencia y la participación en los procesos de extensión rural."
Cursos a distancia,Uruguay,Sí,Instituto Plan Agropecuario,Aprendizaje,Dentro ,"Contenido, Educación y Red Social",Website,Medios de masa,Productor,General,Gratuito,Productor ↔ Contenido/Plataforma,Pública,Empresa de ATER / Servicio Público de Extensión,Espanhol,No,Sí,Digitalización,Accesible a Terceros,https://www.planagropecuario.org.uy/web/oferta-de-cursos-a-distancia.html,"Cursos en línea estructurados, con contenidos técnicos aplicados a la realidad productiva, que abordan temas como manejo de pasturas, alimentación y carga animal, gestión de la empresa ganadera, indicadores productivos, sostenibilidad y toma de decisiones"
PlanTV,Uruguay,Sí,Instituto Plan Agropecuario, Orientación Técnica,Dentro ,"Contenido, Educación y Red Social",Website,Medios de masa,Ambos,General,Gratuito,Productor ↔ Contenido/Plataforma,Pública,Empresa de ATER / Servicio Público de Extensión,Espanhol,No,Sí,Digitalización,Accesible a Terceros,https://www.planagropecuario.org.uy/web/plantv.html,"Plataforma digital de contenidos audiovisuales orientada a la difusión de información técnica, experiencias productivas y debates sobre ganadería y sistemas agropecuarios. A través de programas semanales y materiales grabados en campo, PlanTV apoya a productores, técnicos y extensionistas con contenidos prácticos sobre manejo, gestión, sostenibilidad e innovación en el medio rural."
Herramientas digitales,Uruguay,Sí,Instituto Plan Agropecuario, Orientación Técnica,Dentro ,Monitoreo y Gestión Integrada de la Producción,Website,No se aplica,Ambos,General,Gratuito,Productor ↔ Contenido/Plataforma,Pública,Empresa de ATER / Servicio Público de Extensión,Espanhol,No,Sí,Digitalización,Accesible a Terceros,https://www.planagropecuario.org.uy/web/,"Conjunto de herramientas digitales en línea orientadas al apoyo técnico y a la toma de decisiones en la ganadería, especialmente en sistemas de base pastoril, que incluyen calculadoras de carga y de indicadores prediales para la planificación productiva y el análisis del desempeño de los establecimientos; las herramientas MEGanE y enPastoreo, orientadas a la gestión del pastoreo y al manejo de las pasturas; la Evaluación Medio Ambiental Ganadera, dirigida al análisis de los aspectos ambientales de los sistemas ganaderos; la Carpeta Verde, utilizada para el registro y el seguimiento de la información productiva; el visualizador de crecimiento de pasturas, que apoya el monitoreo forrajero; y el Índice sobre Plato de Comida (IsPC), indicador utilizado para evaluar la oferta y la disponibilidad de forraje."
Agrofocal,Uruguay,No,Agrofocal, Orientación Técnica,Dentro ,Diagnóstico e Identificación por Imagen,Aplicación,Medios de masa,Productor,"Específica (uva, laranja, morango)",Freemium,Productor ↔ Contenido/Plataforma,Privada,Sector Privado,Multilingüe,No,Sí,Transformación Digital,Accesible a Terceros,"https://agrofocal.ai/
https://apps.apple.com/us/app/agrofocal/id1643921543","Agrofocal Technologies desarrolla un sistema digital de monitoreo de cultivos enfocado en el seguimiento de la productividad y el estado sanitario de los cultivos. La aplicación Agrofocal permite utilizar este sistema directamente en el campo, facilitando el registro y monitoreo de los cultivos en tiempo real. También permite el envío de videos de las áreas cultivadas para análisis técnicos, lo que contribuye a la observación del desarrollo del cultivo y a la identificación de posibles problemas a lo largo del ciclo de producción.
"