Nome da ferramenta,País de origem,Preparação da ficha técnica detalhada,Instituição Responsável,Finalidade da Ferramenta,Momento de atividade produtiva,Taxonomia de ferramentas (principal),Canais de acesso à informação,Tipologia dos Canais de Comunicação,Público-alvo principal,Âmbito de aplicação,Modelo de Acesso,Dimensão de interação,Natureza Institucional,Categoria da organização,Idioma de disponibilidade,Integração com o WhatsApp,Conectividade necessária,Nível de digitalização,Nível de abertura da ferramenta,Link,Descrição (resumo)
Rauch (Alemanha),Internacional,Não,"Rauch Landmaschinenfabrik Gesellschaft mit beschränkter Haftung
",Orientação Técnica,Antes ,"Fertilizantes, inoculantes e nutrientes",Aplicativo,Meios de comunicação de massa,Produtor,Em geral,Gratuito,Produtor ↔ Conteúdo/Plataforma,Privado,Setor Privado,Multilíngue,Não,Não,Digitalização,Acessível a terceiros,https://play.google.com/store/apps/details?id=de.ms.neusta.rauch_streutabelle_android,"O aplicativo RAUCH (anteriormente ""Tabela de Fertilizantes"") é uma tabela de configuração interativa para as séries atuais e anteriores de distribuidores de fertilizantes RAUCH, que, ao contrário da versão online, também pode ser usada offline. No aplicativo Distribuidor de Fertilizantes RAUCH, você encontrará valores de configuração específicos para dosagem e distribuição de mais de 3.000 fertilizantes diferentes, granulados e finos, calculados dinamicamente para o seu modelo e configuração, mesmo para máquinas sem controles elétricos."
Consultas agrícolas online - Consulte especialistas,Argentina,Sim,Consultas agrícolas online,Orientação Técnica,Durante,"Conteúdo, Educação e Redes Sociais",Site,Meios de comunicação de massa,Ambos,Em geral,Gratuito,Produtor ↔ Extensionista,Privado,Setor Privado,Espanhol,Sim,Sim,Digitalização,Acessível a terceiros, https://www.agroconsultasonline.com/,"Uma plataforma digital para consulta com especialistas, participação em eventos online e troca de experiências. Além da consulta pública, a plataforma oferece uma biblioteca digital com artigos, ferramentas, vídeos e materiais técnicos, organizados por tema e tipo de produção."
Bate-papo ACO,Argentina,Sim,Consultas agrícolas online,Orientação Técnica,Durante,"Conteúdo, Educação e Redes Sociais",Site; Chatbots,Meios de comunicação de massa,Ambos,Em geral,Gratuito,Produtor ↔ Conteúdo/Plataforma,Privado,Setor Privado,Espanhol,Não,Sim,Digitalização,Acessível a terceiros,https://www.agroconsultasonline.com/chataco,É um assistente de inteligência artificial para a agricultura.
Treinamento,Argentina,Sim,Consultas agrícolas online,Aprendizado,Durante,"Conteúdo, Educação e Redes Sociais",Plataformas de e-learning,Meios de comunicação de massa,Ambos,Em geral,Gratuito,Produtor ↔ Conteúdo/Plataforma,Privado,Setor Privado,Espanhol,Não,Sim,Digitalização,Acessível a terceiros,https://www.agroconsultasonline.com/trainings,"Plataforma de treinamento online focada em capacitação técnica no setor agrícola, oferecendo cursos, treinamentos e conteúdo especializado ministrado por especialistas."
Serviço Meteorológico Nacional da Argentina,Argentina,Não,Ministério da Defesa,Orientação Técnica,Durante,"Meteorologia, Clima e Irrigação",Site,Meios de comunicação de massa,Ambos,Em geral,Gratuito,Extensionista ↔ Conteúdo/Plataforma,Público,Ministério / Governo Federal,Espanhol,Não,Sim,Digitalização,Acessível a terceiros,https://www.smn.gob.ar/radar,"A ferramenta fornece imagens de radar meteorológico quase em tempo real, permitindo que os usuários acompanhem a ocorrência e a intensidade de chuvas, tempestades e outros eventos atmosféricos. Ela auxilia no monitoramento meteorológico, na emissão de alertas e na tomada de decisões."
Informações agroclimáticas,Argentina,Não,INTA,Orientação Técnica,Durante,"Meteorologia, Clima e Irrigação",Site,Meios de comunicação de massa,Ambos,Em geral,Gratuito,Extensionista ↔ Conteúdo/Plataforma,Público,Ministério / Governo Federal,Espanhol,Não,Sim,Digitalização,Acessível a terceiros,https://www.argentina.gob.ar/informacion-agroclimatica,"Ferramentas: AgroMet Semanal, AgroMet Mensal, AgroCultivos"
INTA GEO,Argentina,Não,INTA,Orientação Técnica,Durante,"Meteorologia, Clima e Irrigação",Site,Meios de comunicação de massa,Ambos,Em geral,Gratuito,Extensionista ↔ Conteúdo/Plataforma,Público,Ministério / Governo Federal,Espanhol,Não,Sim,Digitalização,Acessível a terceiros,https://www.argentina.gob.ar/inta,Plataforma geoespacial para a gestão integral de informações geográficas para o setor agrícola - https://www.argentina.gob.ar/inta
Repositório Digital INTA; e Publicações INTA,Argentina,Não,INTA,Aprendizado,Durante,"Conteúdo, Educação e Redes Sociais",Site,Meios de comunicação de massa,Ambos,Em geral,Gratuito,Extensionista ↔ Conteúdo/Plataforma,Público,Ministério / Governo Federal,Espanhol,Não,Sim,Digitação,Acessível a terceiros,https://www.argentina.gob.ar/inta,"Acesso público gratuito a livros, artigos de periódicos, teses, relatórios técnicos e apresentações, entre outros; Editora especializada em publicações sobre pesquisa, desenvolvimento e inovação tecnológica aplicadas ao setor agrícola."
AGRO24,Argentina,Sim,AGRO24, Gerenciamento,Antes ,Economia compartilhada,Site,Meios de comunicação de massa,Produtor,Em geral,Pagar,Produtor ↔ Produtor,Privado,Comece,Espanhol,,Sim,Digitalização,Acessível a terceiros,https://agro24.ar/,Plataforma que conecta produtores e consumidores para simplificar o processo de compra e fornecimento de insumos agrícolas.
Agricultura justa,Argentina,Sim,Agricultura justa,Comercialização,Depois,Plataformas de loja online (e-commerce) e marketplace,Site + Aplicativo,Meios de comunicação de massa,Produtor,Em geral,Pagar,Produtor ↔ Conteúdo/Plataforma,Privado,Comece,Espanhol,Não,Sim,Digitalização,Acessível a terceiros,https://agrojusto.com.ar/,"Um conjunto de soluções tecnológicas que permite a venda direta de pequenos produtores para compradores. Inclui um aplicativo móvel para produtores rurais e agroalimentares, integrado a um sistema interno de mensagens e notificações, outros parâmetros específicos do setor alimentício e uma plataforma de comércio eletrônico."
Colheitadeiras,Argentina,Não,Universidade Nacional de Córdoba,Orientação Técnica,Durante,"Meteorologia, Clima e Irrigação",Aplicativo ,Não aplicável,Produtor,Em geral,Gratuito,Produtor ↔ Conteúdo/Plataforma,Público,Universidade,Espanhol,Não,Sim,Digitalização,Acessível a terceiros,https://play.google.com/store/apps/details?id=ar.edu.unc.cosecheros,"""Cosecheros"" é um aplicativo móvel para celulares Android que permite o monitoramento, a notificação e o mapeamento dos impactos de eventos climáticos extremos na atividade agrícola, bem como eventos de deriva de agrotóxicos."
Fertilizante Campero,Argentina,Não,Esteban Regueira,Orientação Técnica,Antes ,"Fertilizantes, inoculantes e nutrientes",Aplicativo,Meios de comunicação de massa,Extensionista,Em geral,Gratuito,Extensionista ↔ Conteúdo/Plataforma,Público,Ministério / Governo Federal,Espanhol,Não,Não,Transformação Digital,Acessível a terceiros,https://play.google.com/store/apps/details?id=com.inta.camperofertilizadoras,"Este aplicativo foi desenvolvido para ajustar a aplicação de produtos de pulverização, como fertilizantes e corretivos de solo. A ferramenta permite que os usuários calculem dosagens, estimem a largura de trabalho do equipamento e avaliem a uniformidade da distribuição. Ela também calcula a quantidade de produto necessária para tratar uma área específica e gera relatórios com os resultados, que são armazenados no dispositivo."
Mapa de complexidades,Bolívia,Sim,Banco de Desenvolvimento Produtivo (BDP),Orientação Técnica,Durante,"Conteúdo, Educação e Redes Sociais",Painéis de monitoramento (Dashboards),Meios de comunicação de massa,Extensionista,Em geral,Gratuito,Extensionista ↔ Conteúdo/Plataforma,Público,Agência de Desenvolvimento,Espanhol,Não,Sim,Digitalização,Acessível a terceiros,https://complejidades.bdp.com.bo/,"Trata-se de uma ferramenta de diagnóstico que auxilia na tomada de decisões para o desenvolvimento local, oferecendo informações territoriais sobre atividade produtiva, desempenho e comercialização, além de identificar setores com potencial de crescimento."
Biblioteca de mídia,Bolívia,Sim,INIAF,Aprendizado,Durante,"Conteúdo, Educação e Redes Sociais",Site,Meios de comunicação de massa,Produtor,Em geral,Gratuito,Produtor ↔ Conteúdo/Plataforma,Público,Empresa de Pesquisa Pública,Espanhol,Não,Sim,Digitalização,Acessível a terceiros,https://iniaf.gob.bo/biblioteca-de-medios/,"Um repositório digital que reúne publicações técnicas, manuais, relatórios e materiais sobre inovação agrícola para apoiar a produção, a pesquisa e a extensão rural na Bolívia."
Biblioteca Virtual,Bolívia,Sim,PROINPA,Aprendizado,Durante,"Conteúdo, Educação e Redes Sociais",Site,Meios de comunicação de massa,Produtor,Em geral,Gratuito,Produtor ↔ Conteúdo/Plataforma,Sociedade Civil Organizada,ONG / OSC,Espanhol,Não,Sim,Digitalização,Acessível a terceiros,https://www.proinpa.org/web/biblioteca-virtual/,"Trata-se de um repositório digital de conhecimento sobre a agrobiodiversidade andina, que reúne materiais técnicos e educativos sobre bioinsumos, grãos e cereais, hortaliças e leguminosas, batatas, árvores frutíferas, quinoa, raízes e tubérculos andinos, além de receitas e conteúdo para a produção sustentável e a valorização do conhecimento local."
Miido,Chile,Sim,Estou com medo., Gerenciamento,Durante,Monitoramento e gerenciamento integrados da produção,Aplicativo ,Não aplicável,Ambos,Em geral,Freemium,Extensionista ↔ Conteúdo/Plataforma,Privado,Comece,Espanhol,Sim,Sim,Transformação Digital,Acessível a terceiros,https://miido.ai/,"A MIIDO utiliza tecnologia avançada de reconhecimento de voz para converter mensagens de áudio do WhatsApp em texto. Nosso sistema processa esse texto para extrair informações relevantes e organizá-las em tarefas, registros e consultas."
INIA Educa,Chile,Sim,ÍNDIA,Aprendizado,Durante,"Conteúdo, Educação e Redes Sociais",Plataformas de e-learning,Meios de comunicação de massa,Ambos,Em geral,Gratuito,Produtor ↔ Conteúdo/Plataforma,Público,Empresa de Pesquisa Pública,Espanhol,Não,Sim,Digitalização,Acessível a terceiros,https://iniaeduca.cl/,"A INIA Educa SpA é uma empresa pertencente ao Instituto de Pesquisa Agrícola INIA, dedicada a ministrar cursos especializados para profissionais, técnicos e agricultores. Seu objetivo é fornecer serviços de treinamento, oferecendo uma gama de cursos estáveis ​​e estando disponível para organizar cursos, workshops e diplomas."
Biblioteca Digital INIA,Chile,Sim,ÍNDIA,Aprendizado,Durante,"Conteúdo, Educação e Redes Sociais",Site,Meios de comunicação de massa,Ambos,Em geral,Gratuito,Produtor ↔ Conteúdo/Plataforma,Público,Empresa de Pesquisa Pública,Espanhol,Não,Sim,Digitação,Acessível a terceiros,https://biblioteca.inia.cl/home,"Oferece mais de 5.000 publicações em formato digital, incluindo livros, boletins informativos, fichas informativas, fichas técnicas, vídeos e podcasts, todos sobre temas agrícolas do país."
Smartfield 360,Chile,Sim,ÍNDIA,Orientação Técnica,Durante,"Conteúdo, Educação e Redes Sociais",Ambientes de Realidade Virtual/Aumentada,Meios de comunicação de massa,Ambos,Em geral,Gratuito,Produtor ↔ Conteúdo/Plataforma,Público,Empresa de Pesquisa Pública,Espanhol,Não,Sim,Transformação Digital,Acessível a terceiros,https://www.smartfieldinia.cl/,"Plataforma de realidade virtual dos campos de Los Tilos e Santa Rosa, com demonstração da tecnologia."
Campus,Chile,Sim,ÍNDIA,Orientação Técnica,Durante,"Conteúdo, Educação e Redes Sociais",Site,Meios de comunicação de massa,Ambos,Em geral,Gratuito,Produtor ↔ Conteúdo/Plataforma,Público,Empresa de Pesquisa Pública,Espanhol,Não,Sim,Digitalização,Acessível a terceiros,https://smartfieldinia.cl/campusinia/,Treinamento virtual em tecnologias agrícolas para aprimorar práticas e adoção de tecnologia.
Sistema de Alerta Precoce para Requeima,Chile,Não,ÍNDIA,Orientação Técnica,Durante,"Meteorologia, Clima e Irrigação",Site,Meios de comunicação de massa,Ambos,Específico (batata),Gratuito,Produtor ↔ Conteúdo/Plataforma,Público,Empresa de Pesquisa Pública,Espanhol,Não,Sim,Digitalização,Acessível a terceiros,https://tizon.inia.cl/,Ferramenta tecnológica que utiliza dados meteorológicos e epidemiológicos para prever condições favoráveis ​​ao desenvolvimento da doença (requeima).
Agrapp,Chile,Sim,Agrapp, Gerenciamento,Durante,Monitoramento e gerenciamento integrados da produção,Aplicativo ,Interpessoal,Produtor,Em geral,Pagar,Produtor ↔ Conteúdo/Plataforma,Privado,Comece,Espanhol,Sim,Não,Transformação Digital,Acessível a terceiros,https://www.agrapp.cl/,"É um caderno de campo digital que permite registrar informações no campo, trabalhar offline e gerar relatórios de forma simples e eficiente para a gestão agrícola."
AgroMatch,Chile,Sim,AgroMatch, Gerenciamento,Antes ,Economia compartilhada,Site,Interpessoal,Produtor,Em geral,Pagar,Produtor ↔ Produtor,Privado,Comece,Espanhol,Não,Sim,Digitalização,Acessível a terceiros,https://agromatch.cl/,A AgroMatch é uma plataforma que conecta proprietários de máquinas ou serviços com agricultores que desejam alugar essas máquinas ou serviços.
AGRI,Chile,Sim,Soluções em Nuvem TCIT, Gerenciamento,Durante,Monitoramento e gerenciamento integrados da produção,Site,Interpessoal,Produtor,Em geral,Pagar,Produtor ↔ Conteúdo/Plataforma,Privado,Comece,Espanhol,Não,Sim,Digitalização,Acessível a terceiros,https://www.agri.cl/,"Uma plataforma de gestão que unifica os processos administrativos e de produção de empresas agrícolas. Seus principais módulos incluem controle de custos e orçamento, gestão de tarefas e colheitas, compras e gestão de estoque."
Agrosmart,Chile,Sim,Agrosmart, Gerenciamento,Durante,Monitoramento e gerenciamento integrados da produção,Site,Interpessoal,Produtor,Em geral,Pagar,Produtor ↔ Conteúdo/Plataforma,Privado,Comece,Espanhol,Não,Sim,Digitalização,Acessível a terceiros,https://agrosmart.cl/,"Uma plataforma de gestão agrícola em regime de software como serviço (SaaS) e um caderno de campo inteligente, concebidos a partir da perspetiva do agricultor. Abrange as áreas administrativa, produtiva, operacional e financeira, com o objetivo de aumentar a eficiência e a competitividade."
Você come,Chile,Sim,Você come,Comercialização,Depois,Plataformas de loja online (e-commerce) e marketplace,Site,Interpessoal,Produtor,Em geral,Pagamento (com comissão),Produtor ↔ Conteúdo/Plataforma,Privado,Comece,Espanhol,Não,Sim,Digitalização,Acessível a terceiros,https://www.comes.cl/,"O projeto busca promover um sistema alimentar mais sustentável, conectando produtores locais com varejistas de alimentos."
Especificações técnicas,Chile,Não,INDAP,Orientação Técnica,Durante,"Conteúdo, Educação e Redes Sociais",Site,Meios de comunicação de massa,Produtor,Em geral,Gratuito,Produtor ↔ Conteúdo/Plataforma,Público,Empresa ATER / Serviço Público de Extensão,Espanhol,Não,Sim,Digitalização,Acessível a terceiros,https://www.indap.gob.cl/fichas-tecnicas,"Materiais de apoio online para agricultura familiar em pequena escala, compilando informações técnicas padronizadas por região e cultura. Disponíveis para visualização e download em formato Excel, as fichas técnicas apresentam diretrizes de produção, insumos, práticas de manejo e referências técnicas para diversos setores agrícolas."
Agriconecta (Panamá),Internacional,Não,Grupo Comercial Tri-Star SA,Comercialização,Depois,Plataformas de loja online (e-commerce) e marketplace,Aplicativo,Meios de comunicação de massa,Produtor,Em geral,Gratuito,Produtor ↔ Conteúdo/Plataforma,Privado,Setor Privado,Espanhol,Não,Sim,Digitalização,Acessível a terceiros,https://play.google.com/store/apps/details?id=com.agriconecta.agcta_smallholder_farmer; https://apps.apple.com/us/app/agriconecta/id1514667580,"AgriConecta é um aplicativo gratuito que permite aos agricultores manterem-se conectados à agricultura moderna. Através da plataforma, eles podem manter contato direto com seus técnicos e acessar facilmente informações dentro do aplicativo, além de visualizar dados meteorológicos para melhor proteger e planejar seu trabalho."
Agrimaps (Espanhol),Internacional,Não,"Infonet Consultores de Informática SL

",Orientação Técnica,Durante,Monitoramento e gerenciamento integrados da produção,Aplicativo,Meios de comunicação de massa,Produtor,Em geral,Pagar,Produtor ↔ Conteúdo/Plataforma,Privado,Setor Privado,Espanhol,Não,Sim,Transformação Digital,Acessível a terceiros,"https://agrimaps.es/
https://play.google.com/store/apps/details?id=com.infonetconsultores.agrimapscross; https://apps.apple.com/us/app/agrimaps/id1671973281","Um caderno de campo visual, fácil e ágil, baseado no registro de tratamentos e operações técnicas, permitindo a geolocalização de incidentes, o controle e monitoramento de pragas, o acompanhamento dos estágios fenológicos das culturas, o monitoramento de operações técnicas, o estudo de mapas e o recebimento de alertas de Alternaria, auxiliando em uma gestão agrícola mais eficiente."
Biofertilização (Colômbia),Internacional,Não,Corporação Colombiana de Pesquisa Agropecuária Agrosavia,Aprendizado,Durante,"Conteúdo, Educação e Redes Sociais",Aplicativo,Meios de comunicação de massa,Produtor,Em geral,Gratuito,Produtor ↔ Conteúdo/Plataforma,Público,Ministério / Governo Federal,Espanhol,Não,Sim,Digitalização,Acessível a terceiros,https://play.google.com/store/apps/details?id=com.mifinca,"Biofertilização é um jogo que permite aos jogadores aprender conceitos básicos sobre bioinsumos e biofertilizantes em particular, no contexto da agricultura sustentável adaptada às mudanças climáticas. Embora seja destinado a todas as idades, é especialmente voltado para jovens em comunidades rurais. O objetivo central é alcançar uma melhor produção agrícola no campo de cada jogador, resolvendo desafios educativos. A missão integra a obtenção de recompensas, a aquisição de recursos de diferentes valores, estratégias de produtividade, prevenção e combate a ameaças, tomada de decisões, colaboração e cuidados com o campo."
Caderno de campo agrícola - Agricolum (Espanhol),Internacional,Não,Agroculum SL., Gerenciamento,Durante,Monitoramento e gerenciamento integrados da produção,Aplicativo,Meios de comunicação de massa,Produtor,Em geral,Freemium,Produtor ↔ Conteúdo/Plataforma,Privado,Setor Privado,Espanhol,Não,Não,Transformação Digital,Acessível a terceiros,https://play.google.com/store/apps/details?id=com.agricolum,"Agricolum é uma ferramenta digital focada no registro e organização de atividades agrícolas. Permite aos usuários acompanhar operações de campo, como práticas de manejo, aplicações e tarefas de produção, auxiliando no controle técnico e na gestão da propriedade. A ferramenta visa facilitar o acompanhamento das informações de trabalho de forma prática."
Syngenta Agrimecum (Suíça),Internacional,Não,"Syngenta Crop Protection AG
",Orientação Técnica,Antes ,"Manejo e Controle de Pragas (Biológico, Natural e Químico)",Aplicativo,Meios de comunicação de massa,Produtor,Em geral,Gratuito,Produtor ↔ Conteúdo/Plataforma,Privado,Setor Privado,Espanhol,Não,Sim,Digitalização,Acessível a terceiros,https://play.google.com/store/apps/details?id=com.catalogo.syngenta,"Este aplicativo reúne informações técnicas sobre o portfólio de produtos da empresa, incluindo inseticidas, herbicidas, fungicidas e tratamentos de sementes. Apresenta características gerais dos produtos, orientações de uso, instruções para o controle de pragas e plantas nocivas, além de informações sobre sistemas de dosagem, servindo como material de referência técnica."
ABC Rural,Paraguai,Sim,Associação Rural do Paraguai (ARP),Aprendizado,Durante,"Conteúdo, Educação e Redes Sociais",Site,Meios de comunicação de massa,Produtor,Em geral,Gratuito,Produtor ↔ Conteúdo/Plataforma,Sociedade Civil Organizada,Associação,Espanhol,Não,Sim,Digitalização,Acessível a terceiros,https://www.youtube.com/@ABCRURALPARAGUAY,"Canal de comunicação agrícola vinculado à Associação Rural do Paraguai, dedicado à divulgação de informações, notícias e conteúdo técnico voltados para o setor rural paraguaio."
Agroayuda,Paraguai,Sim,MAG,Comercialização,Depois,Plataformas de loja online (e-commerce) e marketplace,Aplicativo,Meios de comunicação de massa,Produtor,Em geral,Gratuito,Produtor ↔ Conteúdo/Plataforma,Público,Ministério / Governo Federal,Espanhol,Não,Sim,Digitalização,Acessível a terceiros,https://iica.int/es/noticias/innovacion-digital-traves-de-plataforma-movil-sera-implementada-para-comercializar/,"Agroayuda é uma plataforma digital móvel de assistência técnica e apoio à comercialização agrícola que fornece aos produtores informações técnicas, preços de mercado, oportunidades de compras públicas e orientações de produção. A ferramenta facilita o acesso a aconselhamento especializado à distância, fortalece a tomada de decisões no campo e ajuda a melhorar a colaboração entre produtores, mercados e instituições."
Registro de Agricultura Familiar Assistida - RAFA,Paraguai,Sim,Plataforma Deag, Gerenciamento,Antes ,"Gestão institucional do registo, monitorização e cadastro do ATER",Site,Não aplicável,Extensionista,Em geral,Não aplicável,Extensionista ↔ Conteúdo/Plataforma,Público,Ministério / Governo Federal,Espanhol,Não,Sim,Digitação,Uso interno (institucional), deag.mag.gov.py,"Permite o cadastro de produtores e famílias rurais, a coleta de dados socioeconômicos, localização geográfica, uso da terra, produção, infraestrutura, serviços básicos e o monitoramento de ações de assistência técnica e extensão rural, apoiando o planejamento, o monitoramento e a formulação de políticas públicas."
Visita à fazenda,Paraguai,Não,Plataforma Deag,Orientação Técnica,Antes ,"Gestão institucional do registo, monitorização e cadastro do ATER",Site,Não aplicável,Extensionista,Em geral,Não aplicável,Extensionista ↔ Conteúdo/Plataforma,Público,Ministério / Governo Federal,Espanhol,Não,Sim,Digitação,Uso interno (institucional), deag.mag.gov.py,"Esta ferramenta digital é utilizada por técnicos de extensão rural para registrar informações detalhadas durante visitas às propriedades rurais sobre os produtores e suas famílias, posse e uso da terra, produção agrícola, infraestrutura, serviços básicos, insumos, mão de obra, acesso a crédito e assistência técnica. Ela apoia o monitoramento sistemático das propriedades rurais, o acompanhamento das atividades da ATER (Agência de Extensão Rural) e a geração de dados para planejamento, avaliação e formulação de políticas públicas voltadas para a agricultura familiar."
Registro de Agricultura Familiar Individual - RAFI,Paraguai,Não,Plataforma Deag, Gerenciamento,Antes ,"Gestão institucional do registo, monitorização e cadastro do ATER",Site,Não aplicável,Extensionista,Em geral,Não aplicável,Extensionista ↔ Conteúdo/Plataforma,Público,Ministério / Governo Federal,Espanhol,Não,Sim,Digitação,Uso interno (institucional), deag.mag.gov.py,"Permite o cadastro de produtores rurais individuais, a coleta de informações socioeconômicas, produtivas e geográficas, e o monitoramento de ações de assistência técnica e extensão rural, apoiando o planejamento e a elaboração de políticas públicas."
Estações meteorológicas,Paraguai,Não,Plataforma Deag,Orientação Técnica,Durante,"Meteorologia, Clima e Irrigação",Site,Não aplicável,Produtor,Em geral,Gratuito,Extensionista ↔ Conteúdo/Plataforma,Público,Ministério / Governo Federal,Espanhol,Não,Sim,Digitalização,Acessível a terceiros,https://deag.mag.gov.py/estaciones.html,"Plataforma digital de monitoramento meteorológico que coleta dados em tempo real de estações meteorológicas distribuídas por todo o território, apresentando informações como temperatura, precipitação, vento e previsão do tempo."
Treinamento,Paraguai,Não,Plataforma Deag,Aprendizado,Durante,"Conteúdo, Educação e Redes Sociais",Site,Não aplicável,Extensionista,Em geral,Não aplicável,Extensionista ↔ Conteúdo/Plataforma,Público,Ministério / Governo Federal,Espanhol,Não,Sim,Digitalização,Acessível a terceiros, deag.mag.gov.py,"Oferece cursos e conteúdo de treinamento, incluindo opções online, voltados para técnicos de extensão rural e produtores de agricultura familiar."
Agrobuque,Paraguai,Sim,FECOPROD,Orientação Técnica,Durante,"Análise de Solo e Plantas
Fertilizantes, Inoculantes e Nutrientes
Agricultura de Precisão e Otimização de Insumos",Site,Meios de comunicação de massa,Ambos,Em geral,Não aplicável,Produtor ↔ Conteúdo/Plataforma,Público,Cooperativa,Espanhol,Não,Sim,Digitalização,Uso interno (institucional),agrobuch,"Uma plataforma digital que integra informações técnicas, dados geográficos e ferramentas de agricultura de precisão para apoiar a tomada de decisões no campo. A ferramenta permite o monitoramento de parcelas agrícolas, análise de solo e fertilidade, rastreamento da produção, geoprocessamento e suporte a práticas de produção sustentáveis, funcionando como um ""diário de bordo digital"" para a gestão técnica e ambiental da propriedade."
Campo grande,Paraguai,Sim,FECOPROD, Gerenciamento,Durante,Monitoramento e gerenciamento integrados da produção,Site + Aplicativo,Meios de comunicação de massa,Produtor,Em geral,Não aplicável,Produtor ↔ Conteúdo/Plataforma,Sociedade Civil Organizada,Cooperativa,Espanhol,Não,Sim,Digitalização,Uso interno (institucional),https://bigcampo.fecoprod.com.py/publico,"Gestão do estabelecimento agrícola: pecuária, laticínios e cultivo de lavouras."
TRAZAPPY,Paraguai,Sim,FECOPROD,Comercialização,Durante,Monitoramento e gerenciamento integrados da produção,Site + Aplicativo,Meios de comunicação de massa,Produtor,Específico (leite),Não aplicável,Produtor ↔ Conteúdo/Plataforma,Sociedade Civil Organizada,Cooperativa,Espanhol,Sim,Não,Digitalização,Uso interno (institucional),https://trazappy.fecoprod.com.py/web/home,Sistema de Rastreabilidade de Produtos Agrícolas
FECOCLIMA,Paraguai,Não,FECOPROD,Orientação Técnica,Durante,"Meteorologia, Clima e Irrigação",Site,Meios de comunicação de massa,Produtor,Em geral,Não aplicável,Produtor ↔ Conteúdo/Plataforma,Sociedade Civil Organizada,Cooperativa,Espanhol,Não,Sim,Digitalização,Uso interno (institucional),https://fecoclima.fecoprod.com.py/clima/#/climaActual,"Rede de Estações Agrometeorológicas: temperatura, precipitação, umidade, pressão, fenologia das culturas"
Siscole Smart,Paraguai,Sim,FECOPROD,Orientação Técnica,Durante,Monitoramento e gerenciamento integrados da produção,Aplicativo ,Meios de comunicação de massa,Produtor,Específico (leite),Não aplicável,Produtor ↔ Conteúdo/Plataforma,Sociedade Civil Organizada,Cooperativa,Espanhol,Não,Sim,Digitalização,Uso interno (institucional),https://ti.fecoprod.com.py/siscole/Account/Login?ReturnUrl=%2fsiscole,"Aplicativo para smartphone onde o produtor pode verificar o status de sua fazenda leiteira, seus animais, o cronograma de partos e secagem, e os resultados das análises de qualidade."
INIA Mobile - Caracterização climática para culturas,Uruguai,Sim,ÍNDIA,Orientação Técnica,Durante,"Meteorologia, Clima e Irrigação",Site + Aplicativo,Meios de comunicação de massa,Produtor,"Específico (trigo-cevada, colza, soja e milho)",Gratuito,Produtor ↔ Conteúdo/Plataforma,Público,Empresa de Pesquisa Pública,Espanhol,Não,Sim,Digitação,Acessível a terceiros,https://www.inia.uy/caracterizacion-climatica-para-cultivos,"Os relatórios contidos nesta seção constituem uma caracterização climática de cada estação agrícola para as principais culturas de inverno (trigo-cevada, colza) e de verão (soja, milho)."
INIA mobile - OptiMix,Uruguai,Não,ÍNDIA,Orientação Técnica,Durante,Agricultura de Precisão e Otimização de Insumos,Site + Aplicativo,Meios de comunicação de massa,Produtor,Específico (forragem),Gratuito,Produtor ↔ Conteúdo/Plataforma,Público,Empresa de Pesquisa Pública,Espanhol,Não,Sim,Digitalização,Acessível a terceiros,https://www.inia.uy/optimix-herramienta-para-definir-especies-en-mezclas-forrajeras,Ferramenta para definição de espécies em misturas forrageiras
"INIA Mobile - Modelo fenológico para estimar o florescimento em trigo, cevada e milho.",Uruguai,Sim,ÍNDIA,Orientação Técnica,Durante,"Conteúdo, Educação e Redes Sociais",Painéis de monitoramento (Dashboards),Meios de comunicação de massa,Extensionista,"Específico (milho, trigo e cevada)",Gratuito,Extensionista ↔ Conteúdo/Plataforma,Público,Empresa de Pesquisa Pública,Espanhol,Não,Sim,Digitalização,Acessível a terceiros,https://www.inia.uy/modelo-fenologico-para-estimacion-de-floracion-en-trigo-cebada-y-maiz,"Permite calcular a data de floração, de acordo com a localização, o tempo de germinação e a variedade escolhida, para trigo, cevada e milho."
INIA mobile – Alerta de Ovelhas,Uruguai,Sim,ÍNDIA,Orientação Técnica,Antes ,Nutrição e Saúde Animal, Aplicativo,Meios de comunicação de massa,Produtor,Específico (ovelha),Gratuito,Produtor ↔ Conteúdo/Plataforma,Público,Empresa de Pesquisa Pública,Espanhol,Não,Sim,Digitalização,Acessível a terceiros,https://www.inia.uy/alertaovina,"A ferramenta combina tecnologia e conhecimento local, ajudando a proteger a produção ovina. Ela fornece informações para melhorar as taxas de sobrevivência dos cordeiros ao nascer, antecipando condições climáticas adversas."
INIA móvel – EfiCarne,Uruguai,Não,ÍNDIA, Gerenciamento,Durante,Monitoramento e gerenciamento integrados da produção,Site + Aplicativo,Meios de comunicação de massa,Produtor,Específico (bovino),Gratuito,Produtor ↔ Conteúdo/Plataforma,Público,Empresa de Pesquisa Pública,Espanhol,Não,Sim,Digitalização,Acessível a terceiros,https://www.inia.uy/index.php/eficarne,Ferramenta online para gestão da alimentação de bovinos em sistemas de pastagem intensiva.
INIA Mobile - FertiRIEGO Horticultura,Uruguai,Não,ÍNDIA,Orientação Técnica,Antes ,"Fertilizantes, inoculantes e nutrientes",Site + Aplicativo,Meios de comunicação de massa,Extensionista,Específico (horticultura),Gratuito,Extensionista ↔ Conteúdo/Plataforma,Público,Empresa de Pesquisa Pública,Espanhol,Não,Sim,Digitalização,Acessível a terceiros,https://www.inia.uy/fertiriego-horticultura,Software de apoio à decisão que fornece recomendações de irrigação e aplicação de fertilizantes para o cultivo de tomate em estufa no Uruguai.
INIA móvel - INIA CLIMArroz,Uruguai,Não,ÍNDIA,Aprendizado,Durante,"Meteorologia, Clima e Irrigação",Site + Aplicativo,Meios de comunicação de massa,Extensionista,Específico (arroz),Gratuito,Extensionista ↔ Conteúdo/Plataforma,Público,Empresa de Pesquisa Pública,Espanhol,Não,Sim,Digitalização,Acessível a terceiros,https://www.inia.uy/inia-climarroz,Uma ferramenta desenvolvida para técnicos e produtores que facilita o monitoramento climático e a previsão de eventos fenológicos no cultivo de arroz.
INIA Mobile - INIA Log Florestal,Uruguai,Sim,ÍNDIA,Aprendizado,Durante,"Conteúdo, Educação e Redes Sociais",Site + Aplicativo,Meios de comunicação de massa,Extensionista,Específico (floral),Gratuito,Extensionista ↔ Conteúdo/Plataforma,Público,Empresa de Pesquisa Pública,Espanhol,Não,Sim,Digitalização,Acessível a terceiros,www.inialog.org.uy,"Uma ferramenta para técnicos, produtores e empresas do setor florestal, que proporciona acesso a informações e produtos tecnológicos para otimizar a gestão dos recursos florestais. Este catálogo digital reúne publicações, metodologias e ferramentas práticas."
INIA Mobile - INIA Termomin,Uruguai,Não,ÍNDIA,Orientação Técnica,Durante,"Meteorologia, Clima e Irrigação",Aplicativo,Meios de comunicação de massa,Ambos,Em geral,Gratuito,Produtor ↔ Conteúdo/Plataforma,Público,Empresa de Pesquisa Pública,Espanhol,Não,Sim,Digitalização,Acessível a terceiros,https://www.inia.uy/inia-termomin,"Permite o acesso a uma previsão de até 5 dias das temperaturas mínimas do ar (a dois metros de altura) e no solo, para tomar decisões atempadas que evitem ou minimizem as perdas de produção."
INIA Mobile - CultiDatos_Uy,Uruguai,Não,ÍNDIA,Orientação Técnica,Durante,Sementes e mudas,Painéis de monitoramento (Dashboards),Meios de comunicação de massa,Ambos,"Específico (trigo, azevém, colza, festuca, soja e alfafa).",Gratuito,Produtor ↔ Conteúdo/Plataforma,Público,Empresa de Pesquisa Pública,Espanhol,Não,Sim,Digitação,Acessível a terceiros,https://www.inia.uy/index.php/cultidatosuy-aplicacion-de-analisis-y-seleccion-de-cultivares,"Aplicativo web que facilita o acesso e a comparação de informações oficiais sobre cultivares no Uruguai, auxiliando na seleção de materiais de acordo com a situação de produção."
INIA Mobile - CultiDOCTOR_UY,Uruguai,Sim,ÍNDIA,Orientação Técnica,Durante,"Conteúdo, Educação e Redes Sociais",Site + Aplicativo,Interpessoal,Produtor,"Específicos (trigo, cevada, aveia, triticale, soja e colza)",Gratuito,Produtor ↔ Conteúdo/Plataforma,Público,Empresa de Pesquisa Pública,Espanhol,Não,Sim,Digitalização,Acessível a terceiros,ttps://www.inia.uy/cultidoctoruy-una-nueva-herramienta-para-identificacion-de-enfermedades-en-cultivos,"Aplicativo que visa fornecer a técnicos e produtores um guia prático que permita a rápida identificação em campo de doenças que afetam culturas de trigo, cevada, triticale, aveia, soja e colza."
INIA Mobile - Termoestresse Bovino,Uruguai,Não,ÍNDIA,Orientação Técnica,Durante,"Meteorologia, Clima e Irrigação",Site + Aplicativo,Meios de comunicação de massa,Produtor,Específico (bovino),Gratuito,Produtor ↔ Conteúdo/Plataforma,Público,Empresa de Pesquisa Pública,Espanhol,Não,Sim,Digitalização,Acessível a terceiros,https://www.inia.uy/inia-termoestres,"Fornecer ao usuário informações baseadas no Índice de Temperatura e Umidade (ITU) reconhecido, para dois sistemas de produção - carne e leite, em condições de produção extensiva ou intensiva."
INIA Mobile – Previsão de estresse térmico em bovinos,Uruguai,Não,ÍNDIA,Orientação Técnica,Durante,"Meteorologia, Clima e Irrigação",Site,Meios de comunicação de massa,Extensionista,Específico (bovino),Gratuito,Extensionista ↔ Conteúdo/Plataforma,Público,Empresa de Pesquisa Pública,Espanhol,Não,Sim,Digitalização,Acessível a terceiros,https://www.inia.uy/prevision-de-estres-calorico-en-bovinos-0,"Uma ferramenta que prevê o risco de estresse térmico em bovinos de corte e leiteiros com até sete dias de antecedência, com base no Índice de Temperatura e Umidade (ITU), auxiliando produtores e técnicos na adoção de medidas preventivas para reduzir perdas de bem-estar e produtividade."
Grupos institucionalizados do WhatsApp,Uruguai,Sim,SNIDER,Orientação Técnica,Durante,Consultoria e Assistência Técnica,Grupos de mensagens,Meios de comunicação de massa,Produtor,Em geral,Gratuito,Produtor ↔ Extensionista,Público,Ministério / Governo Federal,Espanhol,Sim,Sim,Digitalização,Acessível a terceiros,https://www.encuentrorural.uy/,"Os espaços digitais organizados e moderados por organizações dentro do sistema ATER são utilizados para promover a troca de informações técnicas, fornecer suporte produtivo e fortalecer comunidades de prática. Esses grupos podem operar de forma integrada com atividades presenciais, seguir metodologias definidas, ter governança institucional e produção de conteúdo planejada, e buscar ampliar o alcance, a eficiência e a participação nos processos de extensão rural."
Cursos de ensino à distância,Uruguai,Sim,Instituto de Planejamento Agrícola,Aprendizado,Durante,"Conteúdo, Educação e Redes Sociais",Site,Meios de comunicação de massa,Produtor,Em geral,Gratuito,Produtor ↔ Conteúdo/Plataforma,Público,Empresa ATER / Serviço Público de Extensão,Espanhol,Não,Sim,Digitalização,Acessível a terceiros,https://www.planagropecuario.org.uy/web/oferta-de-cursos-a-distancia.html,"Cursos online estruturados com conteúdo técnico aplicado à produção no mundo real, abrangendo tópicos como manejo de pastagens, alimentação animal e taxas de lotação, gestão de negócios pecuários, indicadores de produção, sustentabilidade e tomada de decisões."
PlanTV,Uruguai,Sim,Instituto de Planejamento Agrícola,Orientação Técnica,Durante,"Conteúdo, Educação e Redes Sociais",Site,Meios de comunicação de massa,Ambos,Em geral,Gratuito,Produtor ↔ Conteúdo/Plataforma,Público,Empresa ATER / Serviço Público de Extensão,Espanhol,Não,Sim,Digitalização,Acessível a terceiros,https://www.planagropecuario.org.uy/web/plantv.html,"Uma plataforma digital de conteúdo audiovisual focada na disseminação de informações técnicas, experiências de produção e discussões sobre pecuária e sistemas agrícolas. Por meio de programas semanais e materiais gravados em campo, a PlanTV apoia produtores, técnicos e extensionistas rurais com conteúdo prático sobre gestão, sustentabilidade e inovação em áreas rurais."
Ferramentas digitais,Uruguai,Sim,Instituto de Planejamento Agrícola,Orientação Técnica,Durante,Monitoramento e gerenciamento integrados da produção,Site,Não aplicável,Ambos,Em geral,Gratuito,Produtor ↔ Conteúdo/Plataforma,Público,Empresa ATER / Serviço Público de Extensão,Espanhol,Não,Sim,Digitalização,Acessível a terceiros,https://www.planagropecuario.org.uy/web/,"Um conjunto de ferramentas digitais online destinadas a fornecer suporte técnico e auxílio na tomada de decisões na pecuária, especialmente em sistemas baseados em pastagens, incluindo calculadoras de carga e indicadores de desempenho para planejamento da produção e análise do desempenho da fazenda; as ferramentas MEGanE e enPastoreo, voltadas para o manejo de pastagens; a Avaliação Ambiental da Pecuária, destinada a analisar os aspectos ambientais dos sistemas pecuários; a Pasta Verde, utilizada para registro e monitoramento de informações de produção; o visualizador de crescimento de pastagens, que auxilia no monitoramento da forragem; e o Índice de Qualidade da Alimentação Animal (IsPC), um indicador utilizado para avaliar a oferta e a disponibilidade de forragem."
Agrokeep (Grécia),Internacional,Não,Teslinskiy, Gerenciamento,Durante,"Meteorologia, Clima e Irrigação",Aplicativo,Meios de comunicação de massa,Produtor,Em geral,Gratuito,Produtor ↔ Conteúdo/Plataforma,Privado,Setor Privado,Multilíngue,Não,Sim,Digitalização,Acessível a terceiros,https://play.google.com/store/apps/details?id=com.agrokeep.Agrokeep,"Aplicativo móvel que permite o acesso a dados meteorológicos sazonais e previsões agronômicas, auxiliando no planejamento de atividades agrícolas. A ferramenta possibilita o monitoramento das condições climáticas, a consulta de previsões, a estimativa da probabilidade de ocorrência, o cálculo do momento mais adequado para a aplicação de defensivos agrícolas e a estimativa de graus-dia e unidades térmicas relacionados ao desenvolvimento de insetos, contribuindo para uma tomada de decisão mais embasada na gestão das atividades."
Ácido – diagnóstico de plantas (Israel),Internacional,Sim,Saillog Ltd,Orientação Técnica,Durante,Diagnóstico por Imagem e Identificação,Aplicativo,Meios de comunicação de massa,Produtor,Em geral,Pagar,Produtor ↔ Conteúdo/Plataforma,Privado,Setor Privado,Inglês,Não,Sim,Transformação Digital,Acessível a terceiros,https://apps.apple.com/us/app/agrio-plant-diagnosis-app/id1239193220;https://play.google.com/store/apps/details?id=com.agrio,"Agrio é uma ferramenta de agricultura de precisão que utiliza inteligência artificial para auxiliar agricultores e técnicos em seu trabalho. Uma de suas soluções permite a identificação e o manejo remoto de doenças e pragas, contribuindo para decisões mais rápidas e adequadas na produção diária. Por meio de algoritmos de inteligência artificial e visão computacional, Agrio auxilia no monitoramento de plantações e no uso mais eficiente de recursos, com foco na melhoria da produtividade e da sustentabilidade dos sistemas de produção."
BayAgri Plus (Alemanha),Internacional,Não,Bayer AG,Aprendizado,Antes ,"Manejo e Controle de Pragas (Biológico, Natural e Químico)",Aplicativo,Meios de comunicação de massa,Produtor,Em geral,Gratuito,Produtor ↔ Conteúdo/Plataforma,Privado,Setor Privado,Inglês,Não,Sim,Digitalização,Acessível a terceiros,https://apps.apple.com/us/app/bayagri-plus/id6450846659; https://play.google.com/store/apps/details?id=com.bayer.vegetablesbybayer,"Este aplicativo auxilia na seleção de insumos agrícolas, reunindo informações e experiências compartilhadas por produtores, distribuidores e outros atores do setor. A ferramenta ajuda a considerar diferentes contextos regionais na hora de selecionar os produtos para o seu trabalho."
COMPO EXPERT Crop Companion (Alemanha),Internacional,Não,Especialista em Compo,Orientação Técnica,Antes ,"Fertilizantes, inoculantes e nutrientes",Aplicativo,Meios de comunicação de massa,Ambos,Em geral,Pagar,Produtor ↔ Conteúdo/Plataforma,Privado,Setor Privado,Inglês,Não,Sim,Digitalização,Acessível a terceiros,https://apps.apple.com/us/app/compo-expert-crop-companion/id1633269835,"A ferramenta reúne informações técnicas sobre produtos agrícolas e recomendações de uso, ajudando a consultar dados relevantes para o manejo das plantas e a tomar decisões práticas no campo, diretamente do seu celular."
Calculadora de conversão de fertilizantes (Israel),Internacional,Não,Grupo Haifa,Orientação Técnica,Antes ,"Fertilizantes, inoculantes e nutrientes",Site,Meios de comunicação de massa,Produtor,Em geral,Gratuito,Produtor ↔ Conteúdo/Plataforma,Privado,Setor Privado,Inglês,Não,Sim,Transformação Digital,Acessível a terceiros,https://www.haifa-group.com/fertilizer-conversion-calculator,"Ferramentas para facilitar a conversão entre várias unidades utilizadas na área agrícola: ppm para mmol/l e meq/l, rendimento e taxa de conversão, unidades EC."
LifeGrow (Uganda),Internacional,Não,CTI África Limitada, Gerenciamento,Durante,Monitoramento e gerenciamento integrados da produção,Aplicativo,Meios de comunicação de massa,Produtor,Em geral,Pagar,Produtor ↔ Conteúdo/Plataforma,Privado,Setor Privado,Inglês,Não,Sim,Transformação Digital,Acessível a terceiros,https://play.google.com/store/apps/details?id=com.ctiafrica.lifegrow,"O LifeGrow é um aplicativo desenvolvido para auxiliar agricultores e técnicos no monitoramento das atividades de produção. A ferramenta permite que os usuários registrem informações sobre tarefas, práticas de manejo e dados de campo, contribuindo para a organização das informações e o acompanhamento do desempenho do produto."
Map My Crop (Estados Unidos),Internacional,Não,"Hardcastle Agrotech Solutions Inc.
",Orientação Técnica,Durante,Sensoriamento Remoto,Aplicativo,Meios de comunicação de massa,Produtor,Em geral,Gratuito,Produtor ↔ Conteúdo/Plataforma,Privado,Setor Privado,Inglês,Não,Sim,Transformação Digital,Acessível a terceiros,https://play.google.com/store/apps/details?id=com.mapmycroplite.mmc,"Uma ferramenta digital focada no monitoramento de atividades agrícolas por meio de imagens de satélite. O aplicativo permite o acompanhamento de aspectos como o desenvolvimento das culturas, as condições gerais de trabalho e as variáveis ​​climáticas, oferecendo suporte remoto ou monitorando as áreas de produção. A ferramenta utiliza dados atualizados para auxiliar agricultores, agrônomos e técnicos na análise e no planejamento das atividades agrícolas."
Plantix (Alemanha),Internacional,Não,PEAT GmbH,Orientação Técnica,Durante,Diagnóstico por Imagem e Identificação,Site,Meios de comunicação de massa,Ambos,Em geral,Gratuito,Produtor ↔ Conteúdo/Plataforma,Privado,Setor Privado,Inglês,Sim,Sim,Digitalização,Acessível a terceiros,"https://plantix.net/en/library/plant-diseases/
https://play.google.com/store/apps/details?id=com.peat.GartenBank&hl=en&utm_content=en&utm_medium=web_library&utm_source=plantix_web&referrer=utm_content%3Den%26utm_medium%3Dweb_library%26utm_source%3Dplantix_web","O site contém fotos e fichas informativas para auxiliar os agricultores no diagnóstico de pragas, doenças e deficiências nutricionais. Também oferecemos um serviço gratuito de diagnóstico de lavouras via WhatsApp."
Vila das Plantas (Estados Unidos),Internacional,Não,Universidade Estadual da Pensilvânia,Orientação Técnica,Durante,Diagnóstico por Imagem e Identificação,Aplicativo,Meios de comunicação de massa,Produtor,Em geral,Gratuito,Produtor ↔ Conteúdo/Plataforma,Público,Universidade,Inglês,Não,Não,Transformação Digital,Acessível a terceiros,https://apps.apple.com/us/app/plantvillage-nuru/id1441395371; https://play.google.com/store/apps/details?id=plantvillage.nuru,"Um aplicativo de acesso público que utiliza um assistente digital para detectar ou diagnosticar doenças em plantações, mesmo em contextos sem conexão à internet. Desenvolvido na Universidade Estadual da Pensilvânia (Penn State University), essa ferramenta é baseada em técnicas de aprendizado de máquina, utilizando a plataforma TensorFlow do Google e um banco de dados de imagens para identificar sintomas visuais em plantas e subsidiar decisões de manejo agrícola."
SOW - Um Guia de Plantio (Estados Unidos),Internacional,Sim,"Sistema de Extensão Cooperativa do Alabama
",Orientação Técnica,Durante,Consultoria e Assistência Técnica,Aplicativo,Meios de comunicação de massa,Produtor,Em geral,Gratuito,Produtor ↔ Conteúdo/Plataforma,Sociedade Civil Organizada,Cooperativa,Inglês,Não,Sim,Transformação Digital,Acessível a terceiros,https://play.google.com/store/apps/details?id=edu.aces.SOW,"O aplicativo que desenvolvemos auxilia no planejamento do plantio em hortas, indicando os períodos de plantio mais adequados com base na localização selecionada. Ao escolher uma cultura, o usuário pode acessar informações adicionais, como o tempo estimado de colheita, a produtividade aproximada da planta e o espaçamento recomendado entre as plantas."
O Consultor de Biocontrole (França),Internacional,Não,Bioline Agrosciences França,Orientação Técnica,Antes ,"Manejo e Controle de Pragas (Biológico, Natural e Químico)",Aplicativo,Meios de comunicação de massa,Produtor,Em geral,Gratuito,Produtor ↔ Conteúdo/Plataforma,Privado,Setor Privado,Inglês,Não,Não,Digitalização,Acessível a terceiros,https://play.google.com/store/apps/details?id=bioline.app,"O aplicativo Bioline, desenvolvido pela Bioline Agrosciences, foi criado para auxiliar os produtores nas tarefas diárias no campo. A ferramenta reúne informações técnicas sobre as biossoluções da empresa, oferecendo conteúdo de referência focado no esclarecimento de dúvidas operacionais e na gestão agrícola. Materiais essenciais podem ser acessados ​​offline, permitindo que o aplicativo seja utilizado em áreas com conectividade limitada."
Verificação de paisagem sustentável,Argentina,Sim,Ucrop.it,Gerenciamento,Antes ,"Gestão de Documentos, Certificações, Registros e Regularização",Aplicativo,Meios de comunicação de massa,Produtor,Em geral,Pagar,Produtor ↔ Conteúdo/Plataforma,Privado,Comece,Multilíngue,Não,Sim,Transformação Digital,Acessível a terceiros,https://ucrop.it/es/verificacion-del-paisaje/,"Uma ferramenta geoespacial que avalia os riscos de desmatamento e uso da terra, verificando a conformidade com os padrões internacionais de sustentabilidade. Nota: Ucrop.it - ​​Uma empresa de tecnologia argentina fundada em 2018, especializada em sustentabilidade agrícola e rastreabilidade utilizando tecnologia blockchain, com operações internacionais e acesso gratuito para produtores."
Rastreabilidade do produto,Argentina,Sim,Ucrop.it,Comercialização,Depois,"Segurança alimentar, rastreabilidade e narrativa do produto",Aplicativo,Não aplicável,Produtor,Em geral,Pagar,Produtor ↔ Conteúdo/Plataforma,Privado,Comece,Multilíngue,Não,Sim,Transformação Digital,Acessível a terceiros,Trazabilidad – ucrop.it,"Uma solução que permite a comunicação da origem e das práticas sustentáveis ​​de produtos agrícolas ao longo de toda a cadeia de suprimentos, utilizando relatórios digitais e códigos QR. Nota: Ucrop.it - ​​Uma empresa de tecnologia argentina fundada em 2018, especializada em sustentabilidade e rastreabilidade agrícola utilizando tecnologia blockchain, com atuação internacional e acesso gratuito para produtores."
Solução de extensão,Argentina,Sim,Solidariedade,Orientação Técnica,Antes ,"Gestão institucional do registo, monitorização e cadastro do ATER",Aplicativo ,Meios de comunicação de massa,Extensionista,Em geral,Gratuito,Extensionista ↔ Conteúdo/Plataforma,Privado,Organização Internacional,Multilíngue,Não,Não,Digitalização,Acessível a terceiros, https://solidaridadlatam.org/brasil/extension-solution/,"A ferramenta permite o cadastro de produtores, o acompanhamento de visitas técnicas, a coleta estruturada de dados em campo, o monitoramento de indicadores produtivos e socioambientais e a gestão de ações ATER."
Solução para Agricultura,Argentina,Sim,Solidariedade, Gerenciamento,Durante,Monitoramento e gerenciamento integrados da produção,Aplicativo ,Meios de comunicação de massa,Produtor,Em geral,Gratuito,Produtor ↔ Conteúdo/Plataforma,Privado,Organização Internacional,Multilíngue,Não,Não,Digitalização,Acessível a terceiros,https://solidaridadlatam.org/brasil/farming-solution/,"A ferramenta, destinada aos produtores, permite o cadastro e monitoramento de unidades produtivas, a coleta de dados produtivos e socioambientais, o acompanhamento das práticas agrícolas, o controle de indicadores de sustentabilidade e o apoio à tomada de decisões na propriedade rural, contribuindo para a melhoria da produtividade, rastreabilidade e desempenho socioambiental das cadeias agrícolas."
Aprendizagem agrícola,Argentina,Sim,Solidariedade,Aprendizado,Antes ,"Conteúdo, Educação e Redes Sociais",Plataformas de e-learning,Meios de comunicação de massa,Ambos,Em geral,Gratuito,Produtor ↔ Conteúdo/Plataforma,Privado,Organização Internacional,Multilíngue,Não,Sim,Digitalização,Acessível a terceiros,https://solidaridadlatam.org/brasil/servicos/#solucoes-educativas,"Aplicativo que permite o acesso a cursos e ferramentas voltados para o aprimoramento das práticas agronômicas e o desenvolvimento de habilidades financeiras, digitais e sociais."
"Sistema Integrado de Monitoramento Agrícola

- SIMA",Argentina,Sim,ABISMO,Orientação Técnica,Durante,Diagnóstico por Imagem e Identificação,Aplicação; Painéis de Monitoramento (Dashboards),Meios de comunicação de massa,Produtor,Em geral,Pagar,Extensionista ↔ Conteúdo/Plataforma,Privado,Setor Privado,Multilíngue,Não,Sim,Transformação Digital,Acessível a terceiros,https://sima.ag/pt,"Um sistema de agricultura inteligente que permite realizar monitoramento georreferenciado do campo, analisar informações e gerar ordens de serviço."
Cursos online da CABI Academy,Bolívia,Sim,CABI,Aprendizado,Durante,"Conteúdo, Educação e Redes Sociais",Plataformas de e-learning,Meios de comunicação de massa,Extensionista,Em geral,Gratuito,Extensionista ↔ Conteúdo/Plataforma,Organização Internacional,Organização Internacional,Multilíngue,Não,Sim,Digitalização,Acessível a terceiros,https://academy.cabi.org/,"Cursos e recursos online gratuitos estão disponíveis para usuários na Bolívia. Eles podem ser acessados ​​online ou baixados através do aplicativo genérico Moodle Mobile, oferecendo orientações especializadas tanto para agentes de extensão rural quanto para agricultores."
Fichas informativas do PlantwisePlus,Bolívia,Sim,CABI,Orientação Técnica,Durante,"Conteúdo, Educação e Redes Sociais",Aplicativo ,Interpessoal,Extensionista,Em geral,Gratuito,Extensionista ↔ Conteúdo/Plataforma,Organização Internacional,Organização Internacional,Multilíngue,Não,Não,Digitalização,Acessível a terceiros,https://play.google.com/store/apps/details?id=org.cabi.pfff&utm_source=flyer_fs&utm_medium=link&utm_campaign=pwp_tools&utm_term=factsheets_awareness&utm_content=gen,"Um aplicativo móvel gratuito para Android e iOS que fornece informações específicas de cada país para auxiliar no diagnóstico e manejo seguro de pragas e doenças em plantações. Pode ser usado offline, o que é especialmente útil para trabalhos de campo em áreas remotas com conectividade limitada."
Otimizador de Fertilizantes,Bolívia,Sim,CABI,Orientação Técnica,Antes ,"Fertilizantes, inoculantes e nutrientes",Aplicativo ,Interpessoal,Extensionista,Em geral,Gratuito,Extensionista ↔ Conteúdo/Plataforma,Organização Internacional,Organização Internacional,Multilíngue,Não,Não,Digitalização,Acessível a terceiros,https://play.google.com/store/apps/details?id=org.cabi.ofra,"Aplicativo móvel que auxilia agricultores e agentes de extensão rural na definição de recomendações otimizadas de fertilizantes, ajustadas à cultura, ao orçamento disponível e às condições locais, com o objetivo de maximizar o retorno econômico e a eficiência no uso de insumos."
Pulverizador de plantações,Bolívia,Sim,CABI,Orientação Técnica,Antes ,"Manejo e Controle de Pragas (Biológico, Natural e Químico)",Aplicativo ,Interpessoal,Extensionista,Em geral,Gratuito,Extensionista ↔ Conteúdo/Plataforma,Organização Internacional,Organização Internacional,Multilíngue,Não,Não,Digitalização,Acessível a terceiros,https://play.google.com/store/apps/details?id=com.cabi.cabi_dosage_calc_android,"Aplicativo móvel que auxilia agricultores e técnicos no cálculo correto das dosagens de pesticidas, convertendo recomendações técnicas em quantidades precisas de acordo com o produto, a cultura, a área tratada e o equipamento de aplicação, promovendo o uso seguro e eficiente dos insumos."
Campo E,Brasil,Sim,Embrapa,Aprendizado,Durante,"Conteúdo, Educação e Redes Sociais",Plataformas de e-learning,Meios de comunicação de massa,Produtor,Em geral,Gratuito,Produtor ↔ Conteúdo/Plataforma,Público,Empresa de Pesquisa Pública,Multilíngue,Não,Sim,Digitalização,Acessível a terceiros,https://e-campo.sede.embrapa.br/,"Uma plataforma digital de treinamento online que oferece conteúdo técnico, cursos e serviços para apoiar produtores, técnicos e extensionistas na tomada de decisões e no treinamento em agricultura e pecuária."
Bate-papo do fazendeiro,Internacional,Sim,Verde Digital,Orientação Técnica,Durante,Consultoria e Assistência Técnica,Aplicativo,Interpessoal,Extensionista,Em geral,Pagar,Produtor ↔ Extensionista,Privado,Comece,Multilíngue,Sim,Sim,Transformação Digital,Acessível a terceiros,https://digitalgreen.org/farmer-chat/,"O aplicativo oferece assistência técnica digital para agricultores, permitindo consultas por texto, áudio ou imagens, com suporte em idiomas locais. Ele utiliza inteligência artificial para diagnosticar problemas nas plantações e envia alertas oportunos sobre clima, pragas e preços de mercado, auxiliando nas decisões de produção."
Paddy,Internacional,Sim,Desenvolvimento de Precisão (PxD),Orientação Técnica,Durante,Consultoria e Assistência Técnica,Aplicativo,Interpessoal,Extensionista,Em geral,Pagar,Produtor ↔ Extensionista,Privado,Comece,Multilíngue,Sim,Não,Transformação Digital,Acessível a terceiros,https://precisiondev.org/about-us/technology/,"Uma plataforma de comunicação digital multicanal que permite aos usuários enviar e receber mensagens via SMS, chamadas de voz, WhatsApp e outros aplicativos de mensagens, alcançando usuários com diferentes níveis de conectividade e alfabetização digital. Ela também oferece conteúdo personalizado com recomendações adaptadas ao perfil do usuário."
Plantix,Internacional,Sim,Plantix,Orientação Técnica,Durante,Diagnóstico por Imagem e Identificação,Aplicativo,Interpessoal,Produtor,Em geral,Gratuito,Produtor ↔ Conteúdo/Plataforma,Privado,Comece,Multilíngue,Não,Sim,Transformação Digital,Acessível a terceiros,https://plantix.net/en/,"Utiliza reconhecimento de imagem com inteligência artificial para diagnosticar pragas, doenças e deficiências nutricionais a partir da foto de uma planta doente."
Yara CheckIT,Internacional,Não,Yara,Orientação Técnica,Durante,"Fertilizantes, inoculantes e nutrientes",Aplicativo,Interpessoal,Produtor,"Específicos (batatas, trigo, cevada, milho, feijão, colza)",Gratuito,Produtor ↔ Conteúdo/Plataforma,Privado,Setor Privado,Multilíngue,Não,Sim,Digitalização,Acessível a terceiros,https://platform.nutri-checknet.eu/available_products_and_tools/104/yara-checkit,"Um aplicativo agrícola que fornece aos agricultores um banco de fotos de plantações, permitindo a identificação simples e rápida de possíveis deficiências nutricionais."
Controle de Gado,Internacional,Não,Controle de Gado,Orientação Técnica,Durante,Monitoramento e gerenciamento integrados da produção,Aplicativo,Interpessoal,Produtor,Específico (bovino),Freemium,Produtor ↔ Conteúdo/Plataforma,Privado,Comece,Multilíngue,Não,Sim,Transformação Digital,Acessível a terceiros,https://www.controlganadero.app/,"Aplicativo de gestão pecuária que permite aos produtores acompanhar todo o ciclo de vida do seu rebanho, incluindo registros dos animais, produção (carne e leite), tratamentos de saúde, nascimentos e vendas."
Aplicativo de vacinação,Internacional,Não,Aplicativo de vacinação, Gerenciamento,Antes ,Nutrição e Saúde Animal,Aplicativo,Interpessoal,Produtor,Específico (bovino),Pagar,Produtor ↔ Conteúdo/Plataforma,Privado,Comece,Multilíngue,Não,Não,Digitalização,Acessível a terceiros,https://vacapp.net/es/#overview,"Aplicativo de gestão desenvolvido especificamente para a criação extensiva de animais (gado bovino, equino, ovino e caprino)."
AGvisorPRO,Internacional,Não,AGvisorPRO,Orientação Técnica,Durante,"Conteúdo, Educação e Redes Sociais",Site,Meios de comunicação de massa,Ambos,Em geral,Gratuito,Produtor ↔ Extensionista,Privado,Setor Privado,Multilíngue,Sim,Sim,Digitalização,Acessível a terceiros,https://getagvisorpro.com/about-agvisorpro-answers-now/#popup-menu-anchor,É uma plataforma global que conecta produtores rurais a especialistas agrícolas para esclarecer dúvidas e encontrar soluções em tempo real.
Gravatas,Internacional,Não,FAO,Comunicação,Durante,"Conteúdo, Educação e Redes Sociais",Aplicativo,Meios de comunicação de massa,Produtor,Específico (algodão),Gratuito,Produtor ↔ Produtor,Organização Internacional,Organização Internacional,Multilíngue,Não,Não,Digitalização,Acessível a terceiros,https://play.google.com/store/apps/details?id=org.csslazos.lazos; https://apps.apple.com/br/app/lazos-con%C3%A9ctate-rural/id1659671550,"Uma rede social que conecta o setor algodoeiro — produtores, organizações rurais, instituições, empresas, academia, estabelecimentos de ensino e outros. O aplicativo compartilha notícias, eventos e outros conteúdos, e apresenta comunidades virtuais organizadas em torno de tópicos específicos (algodão agroecológico, segurança alimentar, certificação de algodão, mercados, sementes, etc.)."
Acesso à Agricultura (Bélgica),Internacional,Não,Acesso à Agricultura,Aprendizado,Durante,"Conteúdo, Educação e Redes Sociais",Site + Aplicativo,Meios de comunicação de massa,Produtor,Em geral,Gratuito,Produtor ↔ Conteúdo/Plataforma,Sociedade Civil Organizada,ONG / OSC,Multilíngue,Não,Não,Digitalização,Acessível a terceiros,https://www.accessagriculture.org/our-mission,"Construir uma plataforma de vídeo de acesso aberto que contenha o maior acervo mundial de vídeos de treinamento multilíngues e com qualidade de transmissão sobre princípios agroecológicos e empreendedorismo rural, combinando conhecimento científico e indígena."
AcroSeeker™ (Japão),Internacional,Não,"Nihon Nohyaku Co., Ltd. e
NTT DATA CCS CORPORATION",Orientação Técnica,Durante,"Manejo e Controle de Pragas (Biológico, Natural e Químico)",Aplicativo,Meios de comunicação de massa,Produtor,Em geral,Gratuito,Produtor ↔ Conteúdo/Plataforma,Privado,Comece,Multilíngue,Não,Sim,Transformação Digital,Acessível a terceiros,https://play.google.com/store/apps/details?id=com.nichino.ai.diagnosis&hl=pt_BR,"O “AcroSeeker™” é uma ferramenta que utiliza inteligência artificial para ajudar a diagnosticar doenças, pragas e ervas daninhas que afetam suas plantas, além de fornecer informações sobre pesticidas eficazes para eliminá-las. Use seu dispositivo para fotografar os danos causados ​​por pragas ou ervas daninhas em sua plantação e, em seguida, toque no botão Diagnóstico por IA para diagnosticar o problema."
AgriAssist (Austrália),Internacional,Não,Niranjan Somashekar, Gerenciamento,Durante,Monitoramento e gerenciamento integrados da produção,Aplicativo,Meios de comunicação de massa,Produtor,Em geral,Pagar,Produtor ↔ Conteúdo/Plataforma,Privado,Setor Privado,Multilíngue,Não,Não,Transformação Digital,Acessível a terceiros,https://play.google.com/store/apps/details?id=app.agriassist.com,"AgriAssist: um aplicativo agrícola com inteligência artificial e funcionalidade offline. Desenvolvido para agricultores em áreas rurais com conectividade limitada, o AgriAssist combina conhecimento especializado, ferramentas de IA e recursos práticos de planejamento. Ele apresenta uma interface simples e multilíngue, guias, calculadoras e registros."
Efeitos colaterais do Agrobio,Internacional,Não,"AGROBIO SL
",Orientação Técnica,Antes ,"Manejo e Controle de Pragas (Biológico, Natural e Químico)",Aplicativo,Meios de comunicação de massa,Produtor,Em geral,Gratuito,Produtor ↔ Conteúdo/Plataforma,Privado,Setor Privado,Multilíngue,Não,Não,Digitalização,Acessível a terceiros,"https://www.agrobio.es/
https://play.google.com/store/apps/details?id=com.agrobio.efectos","Manual de efeitos colaterais para o uso integrado de pesticidas e organismos de controle biológico ou polinizadores na horticultura. O documento está traduzido para holandês, inglês, alemão e espanhol."
Instituição Educacional CropLife (Colômbia),Internacional,Não,CropLife América Latina,Aprendizado,Durante,"Conteúdo, Educação e Redes Sociais",Aplicativo,Meios de comunicação de massa,Produtor,Em geral,Gratuito,Produtor ↔ Conteúdo/Plataforma,Organização Internacional,Associação,Multilíngue,Não,Sim,Digitalização,Acessível a terceiros,"https://cursos.croplifela.org/pt/ 
https://play.google.com/store/apps/details?id=com.cursos_croplifela","O aplicativo educacional CropLife América Latina é uma plataforma de aprendizagem focada em treinamento em temas relacionados ao manejo de pragas e tecnologias de controle. Oferece cursos gratuitos em espanhol, inglês e português, além de vídeos e palestras, permitindo acesso flexível ao conteúdo via celular, em diferentes horários e locais. O aplicativo também permite que os usuários façam testes de conhecimento e recebam suporte para treinamento, auxiliando nos processos de capacitação e certificação."
Identificação de insetos: Identificador de insetos por IA (Chipre),Internacional,Não,Empresa Identificadora de Imagens e Fotos Ltda.,Orientação Técnica,Durante,Diagnóstico por Imagem e Identificação,Aplicativo,Meios de comunicação de massa,Produtor,Em geral,Pagar,Produtor ↔ Conteúdo/Plataforma,Privado,Setor Privado,Multilíngue,Não,Sim,Transformação Digital,Acessível a terceiros,"https://play.google.com/store/apps/details?id=com.niroapps.insects; 
https://apps.apple.com/us/app/bug-identifier-ai-insect-id/id1588031278","O aplicativo de Identificação de Insetos permite reconhecer insetos a partir de uma foto, utilizando inteligência artificial. A ferramenta consulta um amplo banco de imagens para auxiliar na identificação de diferentes espécies de insetos e aranhas, oferecendo suporte à observação e ao conhecimento da biodiversidade presente em áreas produtivas e no meio ambiente."
Portal de Bioproteção da CABI,Internacional,Não,CABI,Orientação Técnica,Antes ,"Manejo e Controle de Pragas (Biológico, Natural e Químico)",Site,Meios de comunicação de massa,Ambos,Em geral,Gratuito,Produtor ↔ Conteúdo/Plataforma,Organização Internacional,ONG / OSC,Multilíngue,Não,Sim,Transformação Digital,Acessível a terceiros,https://bioprotectionportal.com/homepage/?pk_abe=BPP-Production-Site-HomePage-AB-test&pk_abv=homepage,"Uma ferramenta digital gratuita e acessível que reúne informações sobre produtos de biocontrole e biopesticidas registrados em diferentes países. A plataforma permite aos usuários consultar dados técnicos para identificar e utilizar esses produtos adequadamente, sem a necessidade de gestão agrícola. Atualmente, está disponível online, com planos para uma versão offline."
Compêndio CABI: Proteção de Cultivos,Internacional,Não,CABI,Aprendizado,Durante,"Conteúdo, Educação e Redes Sociais",Site,Meios de comunicação de massa,Ambos,Em geral,Pagar,Produtor ↔ Conteúdo/Plataforma,Organização Internacional,ONG / OSC,Multilíngue,Não,Sim,Transformação Digital,Acessível a terceiros,https://www.cabidigitallibrary.org/product/QC,"Este canal reúne informações técnicas sobre práticas agrícolas e temas relacionados à saúde vegetal, com o objetivo de apoiar a consulta e a tomada de decisões. O conhecimento de âmbito global é atualizado regularmente com novas evidências científicas e dados produzidos por organizações especializadas."
Códice Alimentarius,Internacional,Não,FAO,Orientação Técnica,Antes ,"Manejo e Controle de Pragas (Biológico, Natural e Químico)",Site,Meios de comunicação de massa,Ambos,Em geral,Gratuito,Produtor ↔ Conteúdo/Plataforma,Organização Internacional,Organização Internacional,Multilíngue,Não,Sim,Digitação,Acessível a terceiros,https://www.fao.org/fao-who-codexalimentarius/codex-texts/dbs/pestres/pesticides/en/,"Reúna normas e textos relacionados à segurança alimentar. A página apresenta um índice de pesticidas, onde é possível consultar informações sobre os usos autorizados de cada substância, com base em normas internacionalmente aprovadas pela FAO e pela OMS."
Di@gnoPlant Tomate (França),Internacional,Não,INRAE,Orientação Técnica,Durante,Diagnóstico por Imagem e Identificação,Aplicativo,Meios de comunicação de massa,Produtor,Em geral,Gratuito,Produtor ↔ Conteúdo/Plataforma,Privado,Setor Privado,Multilíngue,Não,Não,Transformação Digital,Acessível a terceiros,https://apps.apple.com/us/app/di-gnoplant-tomate/id488120582,"Uma aplicação desenvolvida pelo INRA para identificar doenças e pragas do tomateiro em campo aberto e em ambientes protegidos. A ferramenta permite o reconhecimento visual de diversos problemas que afetam a cultura, utilizando sequências de imagens para auxiliar na identificação gradual das possíveis causas, sejam elas parasitárias ou não, contribuindo assim para o diagnóstico técnico no manejo da cultura."
Sistema de Alerta e Monitoramento Precoce de Lagarta-do-Cartucho (FAMEWS),Internacional,Não,FAO,Orientação Técnica,Antes ,"Manejo e Controle de Pragas (Biológico, Natural e Químico)",Aplicativo,Meios de comunicação de massa,Ambos,Em geral,Gratuito,Produtor ↔ Conteúdo/Plataforma,Organização Internacional,Organização Internacional,Multilíngue,Não,Sim,Transformação Digital,Acessível a terceiros,https://apps.apple.com/us/app/famews/id1476559185,"Um aplicativo móvel desenvolvido pela FAO para implementar o monitoramento de Praga em diferentes regiões. A ferramenta permite o registro padronizado de observações de campo por agricultores, extensionistas rurais e outras partes interessadas, contribuindo para o monitoramento do programa de remediação de larvas de berne e para a geração de informações de alerta precoce em níveis local e global."
Academia de e-learning da FAO,Internacional,Não,FAO,Aprendizado,Durante,"Conteúdo, Educação e Redes Sociais",Site,Meios de comunicação de massa,Ambos,Em geral,Gratuito,Produtor ↔ Conteúdo/Plataforma,Organização Internacional,Organização Internacional,Multilíngue,Não,Sim,Digitalização,Acessível a terceiros,https://elearning.fao.org/?lang=em,"Uma plataforma de ensino a distância que reúne conteúdo de treinamento gratuito em diferentes idiomas. Os cursos podem ser concluídos no ritmo do participante, com acesso online ou materiais para download, apoiando o aprendizado em diversos tópicos de acordo com as necessidades e interesses individuais."
FAO Gafanhoto PMS (Itália),Internacional,Não,FAO,Orientação Técnica,Antes ,"Manejo e Controle de Pragas (Biológico, Natural e Químico)",Aplicativo,Meios de comunicação de massa,Ambos,Em geral,Gratuito,Produtor ↔ Conteúdo/Plataforma,Organização Internacional,Organização Internacional,Multilíngue,Não,Sim,Digitalização,Acessível a terceiros,https://play.google.com/store/apps/details?id=org.fao.locust_pms,"Sistema de Gestão de Pesticidas da FAO para o Controle de Gafanhotos, visando facilitar o gerenciamento de pesticidas e equipamentos utilizados sem o devido controle da praga."
FarmBetter – Aplicativo para Agentes de Extensão (Reino Unido),Internacional,Não,"Farmbetter Ltda.


",Comunicação,Durante,"Conteúdo, Educação e Redes Sociais",Aplicativo,Meios de comunicação de massa,Produtor,Em geral,Gratuito,Produtor ↔ Conteúdo/Plataforma,Organização Internacional,ONG / OSC,Multilíngue,Não,,Digitalização,Acessível a terceiros,https://play.google.com/store/apps/details?id=io.farmbetter.farmbetter_extension_agent_app,"Aplicativo voltado para o trabalho de extensionistas rurais e agentes de campo. A ferramenta permite o cadastro de informações dos agricultores, visitas técnicas, coleta de dados de produção e monitoramento das atividades realizadas nas propriedades. O aplicativo apoia a organização do trabalho de extensão rural, facilitando o suporte aos produtores e a sistematização das informações coletadas em campo."
FarmXtension Cocoa Global (Indonésia),Internacional,Não,PT. KOLTIVA,Comercialização,Antes ,"Gestão de Documentos, Certificações, Registros e Regularização",Aplicativo,Meios de comunicação de massa,Produtor,Específico (cacau),Gratuito,Produtor ↔ Conteúdo/Plataforma,Privado,Comece,Multilíngue,Não,Sim,Transformação Digital,Acessível a terceiros,https://play.google.com/store/apps/details?id=com.nestle.cocoatrace,"CocoaTrace é um aplicativo desenvolvido para monitorar e rastrear o ciclo de produção do cacau. A ferramenta permite que os usuários registrem informações sobre produtores, produção e comercialização, contribuindo para o monitoramento das atividades no campo e promovendo a transparência em toda a cadeia produtiva."
Meteobot (Bulgária),Internacional,Não,Prointegra Ood,Orientação Técnica,Durante,"Meteorologia, Clima e Irrigação",Aplicativo,Meios de comunicação de massa,Produtor,Em geral,Freemium,Produtor ↔ Conteúdo/Plataforma,Privado,Setor Privado,Multilíngue,Não,Sim,Transformação Digital,Acessível a terceiros,https://play.google.com/store/apps/details?id=biz.prointegra.meteobot; https://apps.apple.com/gb/app/meteobot/id1266582375,Aplicativo de estação meteorológica que requer informações em tempo real sobre as condições climáticas e somente em áreas cultivadas.
Pesticidas e Alternativas (Itália),Internacional,Não,Aliança ISEAL,Orientação Técnica,Antes ,"Manejo e Controle de Pragas (Biológico, Natural e Químico)",Aplicativo,Meios de comunicação de massa,Produtor,Em geral,Gratuito,Produtor ↔ Conteúdo/Plataforma,Privado,Setor Privado,Multilíngue,Não,Sim,Digitalização,Acessível a terceiros,https://apps.apple.com/us/app/pesticides-alternatives/id1461460997,"Uma ferramenta multilíngue desenvolvida para auxiliar no controle de pragas com menor impacto ambiental e na saúde humana. O aplicativo destina-se a auditores e tomadores de decisão que atuam em propriedades rurais, áreas agrícolas e florestais. A ferramenta permite aos usuários consultar informações sobre a toxicidade de pesticidas com base em dados de autoridades governamentais, acordos internacionais e instituições acadêmicas; verificar o status de restrição de mais de 700 ingredientes ativos de acordo com diversos sistemas e normas de certificação; acessar listas de pesticidas registrados por cultura e praga no México e na Índia, e por cultura no Brasil, na Colômbia e no Quênia; e consultar alternativas não químicas para o controle de quase 2.700 pragas e doenças com base em informações da CABI, incluindo acesso ao PlantWise. O aplicativo também está disponível com interface e conteúdo em inglês, espanhol e português."
PictureThis Identificar Planta (Hong Kong),Internacional,Sim,Glority Global Group Limited,Orientação Técnica,Durante,Diagnóstico por Imagem e Identificação,Aplicativo,Meios de comunicação de massa,Ambos,Em geral,Pagar,Produtor ↔ Conteúdo/Plataforma,Privado,Setor Privado,Multilíngue,Não,Sim,Transformação Digital,Acessível a terceiros,https://play.google.com/store/apps/details?id=cn.danatech.xingseus,"Uma ferramenta digital de alta precisão para identificação de plantas, capaz de reconhecer um grande número de espécies diariamente. Permite aos usuários identificar flores, árvores, suculentas e outras plantas, oferecendo informações descritivas, imagens e orientações básicas de cuidado. Esta ferramenta pode ser utilizada tanto por especialistas quanto por iniciantes, auxiliando no aprendizado e cuidado com plantas e jardins."
Identificador de Doenças Vegetais (China),Internacional,Sim,Aleksei Metelkin,Orientação Técnica,Durante,Diagnóstico por Imagem e Identificação,Aplicativo,Meios de comunicação de massa,Ambos,Em geral,Gratuito,Produtor ↔ Conteúdo/Plataforma,Privado,Setor Privado,Multilíngue,Não,Sim,Transformação Digital,Acessível a terceiros,https://apps.apple.com/us/app/plant-disease-identifier/id1550499292,"Este aplicativo, baseado em técnicas de visão computacional e aprendizado de máquina, foi desenvolvido para identificar manchas foliares em plantas a partir de imagens de folhas com sintomas visuais. A ferramenta coleta informações sobre mais de 300 espécies de plantas e fornece orientações gerais sobre possíveis estratégias de manejo e tratamento. Utilize a pressão adequada e leve em consideração as recomendações e instruções técnicas fornecidas pelo aplicativo."
Aprovação simplificada da estrutura apenas para o agricultor (Reino Unido),Internacional,Não,Landwirtschaftsverlag GMBH,Orientação Técnica,Antes ,Análise de solo e plantas,Aplicativo,Meios de comunicação de massa,Produtor,Em geral,Gratuito,Produtor ↔ Conteúdo/Plataforma,Privado,Setor Privado,Multilíngue,Não,Não,Digitalização,Acessível a terceiros,https://apps.apple.com/us/app/simple-soil-structure-assessment-for-the-farmer/id882487664,"Este trabalho apresenta um método simplificado para avaliação da estrutura do solo, com o objetivo de auxiliar na análise do seu estado atual em contextos de plantio direto e manejo do tráfego agrícola. A avaliação considera diferentes camadas do perfil do solo: superficial, superficial cultivada, base da camada superficial e subsolo adjacente, examinando aspectos como organização estrutural, penetração radicular, atividade biológica (como a presença de insetos) e incorporação de resíduos."
Agrofocal,Uruguai,Não,Agrofocal,Orientação Técnica,Durante,Diagnóstico por Imagem e Identificação,Aplicativo,Meios de comunicação de massa,Produtor,"Específicos (uva, laranja, morango)",Freemium,Produtor ↔ Conteúdo/Plataforma,Privado,Setor Privado,Multilíngue,Não,Sim,Transformação Digital,Acessível a terceiros,"https://agrofocal.ai/
https://apps.apple.com/us/app/agrofocal/id1643921543","A Agrofocal Technologies desenvolve um sistema digital de monitoramento de culturas focado no acompanhamento da produtividade e saúde das plantas. O aplicativo Agrofocal permite que os usuários utilizem esse sistema diretamente no campo, facilitando o registro e o monitoramento das culturas em tempo real. Ele também possibilita a transmissão de vídeos das áreas cultivadas para análise técnica, contribuindo para a observação do desenvolvimento da cultura e a identificação de potenciais problemas ao longo do ciclo de produção.

"
Ater+ Digital,Brasil,Sim,Embrapa,Orientação Técnica,Durante,"Conteúdo, Educação e Redes Sociais",Site,Meios de comunicação de massa,Extensionista,Em geral,Gratuito,Extensionista ↔ Conteúdo/Plataforma,Público,Empresa de Pesquisa Pública,Português,Sim,Sim,Digitalização,Acessível a terceiros,https://www.atermaisdigital.cnptia.embrapa.br/,"Esta plataforma oferece uma ampla gama de conteúdo e ferramentas digitais para apoiar o trabalho dos agentes de extensão rural. Isso inclui um repositório de vídeos, arquivos de áudio, aplicativos, guias técnicos, infográficos e cursos online, organizados por áreas temáticas."
Ferramentas de impacto - ;,Brasil,Sim,ManejeBem,Orientação Técnica,Durante,Consultoria e Assistência Técnica,Aplicativo,Interpessoal,Extensionista,"Específico (vegetais, agroecologia)",Pagar ,Produtor ↔ Extensionista,Privado,Comece,Português,Sim,Não,Transformação Digital,Acessível a terceiros,https://manejebem.com/impactools-operacao/,"Trata-se de uma solução digital voltada para o planejamento, registro e monitoramento e avaliação de ações em campo, permitindo: gestão operacional de atividades (visitas técnicas, cronogramas e responsáveis); coleta estruturada de dados de campo; monitoramento de indicadores e resultados; geração de relatórios que apoiam a prestação de contas, a avaliação de impacto e a gestão de projetos; e suporte às equipes técnicas e aos programas da ATER, integrando informações operacionais e analíticas."
AgroAssist,Brasil,Sim,ManejeBem, Gerenciamento,Durante,Monitoramento e gerenciamento integrados da produção,Aplicativo,Não aplicável,Extensionista,Em geral,Pagar ,Extensionista ↔ Conteúdo/Plataforma,Privado,Comece,Português,Sim,Não,Transformação Digital,Acessível a terceiros,https://manejebem.com/impactools-agroassist/,"Uma solução integrada ao WhatsApp que utiliza inteligência artificial para transformar áudio, fotos, textos e documentos enviados pelo técnico em registros e relatórios estruturados, facilitando o rastreamento técnico, o gerenciamento de atividades em campo e a avaliação de resultados."
Minha propriedade rural,Brasil,Sim,Governo Federal do Brasil, Gerenciamento,Antes ,"Gestão de Documentos, Certificações, Registros e Regularização",Site + Aplicativo,Interpessoal,Produtor,Em geral,Gratuito,Produtor ↔ Conteúdo/Plataforma,Público,Ministério / Governo Federal,Português,Não,Sim,Digitação,Acessível a terceiros,https://www.gov.br/gestao/pt-br/assuntos/meu-imovel-rural,"Aplicativo que reúne, em um único ambiente digital, os principais documentos e informações sobre imóveis e bens no Brasil."
Serviços e informações do Brasil - Gov.br,Brasil,Sim,Governo Federal do Brasil, Gerenciamento,Antes ,Serviços de crédito e financiamento,Site + Aplicativo,Interpessoal,Produtor,Em geral,Gratuito,Produtor ↔ Conteúdo/Plataforma,Público,Ministério / Governo Federal,Português,Não,Sim,Digitação,Acessível a terceiros,https://www.gov.br/pt-br/perfil_usuario/agricultor,"Plataforma digital que centraliza, em um único espaço, serviços e informações destinados a agricultores, como cadastro de propriedades rurais, acesso a créditos e benefícios, capacitação, inovação tecnológica e direitos do produtor rural."
Agrotrace (agente de extensão),Brasil,Sim,SII, Gerenciamento,Durante,Consultoria e Assistência Técnica,Aplicativo,Interpessoal,Extensionista,Em geral,Pagar ,Produtor ↔ Extensionista,Privado,Comece,Português,Não,Sim,Digitalização,Acessível a terceiros,https://www.agrotrace.com.br/,"Oferece ferramentas para monitorar as fazendas atendidas, registrar visitas e orientações técnicas, monitorar indicadores produtivos e socioambientais, gerar relatórios e apoiar a gestão e avaliação dos programas ATER."
Agrotrace (produtor),Brasil,Sim,SII, Gerenciamento,Durante,Monitoramento e gerenciamento integrados da produção,Aplicativo,Interpessoal,Produtor,Em geral,Pagar ,Produtor ↔ Conteúdo/Plataforma,Privado,Comece,Português,Não,Sim,Digitalização,Acessível a terceiros,https://www.agrotrace.com.br/,"Permite registar informações sobre produção, insumos e manuseio, organizar dados da fazenda, cumprir requisitos de rastreabilidade e certificação, demonstrar a origem e a qualidade dos produtos e facilitar o acesso a mercados que exigem transparência e conformidade socioambiental."
Verifique o leite,Brasil,Não,SII,Orientação Técnica,Durante,Monitoramento e gerenciamento integrados da produção,Site + Aplicativo,Interpessoal,Extensionista,Específico (leite),Pagar,Produtor ↔ Conteúdo/Plataforma,Privado,Comece,Português,Não,Sim,Digitalização,Acessível a terceiros,https://www.checkmilk.com.br/,"Uma plataforma digital focada na gestão da qualidade do leite, que permite o monitoramento de indicadores de produção e saúde, o registro de análises laboratoriais, o acompanhamento do cumprimento das normas de qualidade, o apoio à tomada de decisões na fazenda e o fortalecimento da rastreabilidade."
Agritempo,Brasil,Sim,Embrapa,Orientação Técnica,Durante,"Meteorologia, clima e irrigação",Site + Aplicativo,Meios de comunicação de massa,Produtor,Em geral,Gratuito,Produtor ↔ Conteúdo/Plataforma,Público,Empresa de Pesquisa Pública,Português,Não,Sim,Digitalização,Acessível a terceiros,https://www.agritempo.gov.br/br/,"Um Sistema de Monitoramento Agrometeorológico que permite aos usuários acessar, via internet, informações meteorológicas e agrometeorológicas de diversos municípios e estados brasileiros. O sistema recebe dados diários de mais de 1.600 estações meteorológicas pertencentes a diferentes instituições, fornecendo informações que auxiliam na redução de custos e no aumento da produtividade."
Zarc - Plantio Certo,Brasil,Sim,Embrapa,Orientação Técnica,Durante,"Meteorologia, clima e irrigação",Aplicativo,Meios de comunicação de massa,Produtor,Em geral,Gratuito,Produtor ↔ Conteúdo/Plataforma,Público,Empresa de Pesquisa Pública,Português,Não,Sim,Digitalização,Acessível a terceiros,https://www.plantiocerto.cnptia.embrapa.br/,"A ferramenta mostra as melhores datas de plantio para diversas culturas no Brasil. Ela obtém dados do Zoneamento Agropecuário de Risco Climático (ZARC), permitindo que produtores de cada município identifiquem a melhor época de plantio de acordo com os diferentes tipos de solo e ciclos de produção."
Produtor da SENAR conecta,Brasil,Não,SENAR,Orientação Técnica,Durante,Consultoria e Assistência Técnica,Site + Aplicativo,Meios de comunicação de massa,Produtor,Em geral,Gratuito,Produtor ↔ Conteúdo/Plataforma,Público,Outro,Português,Sim,Sim,Digitalização,Acessível a terceiros,https://apps.apple.com/br/app/conecta-produtor-senar/id6502522051,"Aplicativo de gestão e monitoramento de assistência técnica que permite aos produtores rurais organizar informações de produção e financeiras, registrar dados e monitorar visitas técnicas em um único ambiente digital."
SENAR Play,Brasil,Sim,SENAR,Aprendizado,Durante,"Conteúdo, Educação e Redes Sociais",Aplicativo,Meios de comunicação de massa,Produtor,Em geral,Gratuito,Extensionista ↔ Conteúdo/Plataforma,Público,Outro,Português,Não,Sim,Digitalização,Acessível a terceiros,https://ead.senar.org.br/aplicativo-senar,"Uma plataforma digital que oferece vídeos, cursos e conteúdo educacional online voltado para a formação de produtores rurais, trabalhadores agrícolas e técnicos agrícolas."
Sistema COMPINST,Brasil,Não,Emater,Comercialização,Depois,Vendas governamentais,Site,Não aplicável,Produtor,Em geral,Não aplicável,Extensionista ↔ Conteúdo/Plataforma,Público,Empresa ATER / Serviço Público de Extensão,Português,Sim,Sim,Digitalização,Uso interno (institucional),https://new.emater.df.gov.br/,"O sistema COMPINST permite que todo o processo de contratação pública do Programa de Aquisição de Alimentos (PAA) — desde a confirmação da proposta até a coordenação logística e o registro das operações — seja realizado de forma totalmente digital, agilizando e organizando a gestão entre agentes de extensão rural e agricultores."
Monitor das secas,Brasil,Não,ANN,Orientação Técnica,Durante,"Meteorologia, clima e irrigação",Site + Aplicativo,Meios de comunicação de massa,Produtor,Em geral,Gratuito,Produtor ↔ Conteúdo/Plataforma,Público,Ministério / Governo Federal,Português,Não,Sim,Digitalização,Acessível a terceiros,https://monitordesecas.ana.gov.br/mapa?mes=10&ano=2025,"Ferramenta de monitoramento climático que fornece informações em tempo real sobre condições de seca e estresse hídrico. Ela oferece alertas precoces para produtores e agentes de extensão rural, permitindo o gerenciamento proativo de riscos e o planejamento de ações de mitigação integradas à ATER (Área Territorial de Redução Agrícola)."
Rede Aurora,Brasil,Não,USP,Aprendizado,Durante,"Conteúdo, Educação e Redes Sociais",Site,Meios de comunicação de massa,Extensionista,Em geral,Gratuito,Extensionista ↔ Conteúdo/Plataforma,Público,Universidade,Português,Não,Sim,Digitalização,Acessível a terceiros,https://www.youtube.com/@redeauroraater,Rede social e canal do YouTube que reúne conteúdo e casos práticos sobre ATER em ambientes de comunicação digital.
Zap Rural,Brasil,Não,EPAGRI,Aprendizado,Durante,"Conteúdo, Educação e Redes Sociais",Grupos de mensagens,Meios de comunicação de massa,Produtor,Em geral,Gratuito,Produtor ↔ Conteúdo/Plataforma,Público,Empresa ATER / Serviço Público de Extensão,Português,Sim,Sim,Digitalização,Acessível a terceiros,https://whatsapp.com/channel/0029Va6gqE27NoZtKtkHsu0K,"Uma iniciativa de divulgação digital que utiliza o WhatsApp para fornecer conteúdo e orientações práticas diretamente a agricultores familiares. A iniciativa consiste no envio semanal de vídeos curtos e mensagens sobre temas como gestão sustentável, produção de alimentos, organização da produção e segurança alimentar."
Hortificar,Brasil,Não,Hortificar, Gerenciamento,Durante,Monitoramento e gerenciamento integrados da produção,Aplicativo,Interpessoal,Produtor,Específicos (vegetais),Pagar ,Produtor ↔ Conteúdo/Plataforma,Privado,Comece,Português,Não,Sim,Digitalização,Acessível a terceiros,https://hortify.app/ ,"Uma plataforma que agrega dados de produção, mão de obra, estoque e financeiros, integrada a algoritmos que auxiliam na tomada de decisões. Além disso, a plataforma atende às exigências do governo brasileiro, incorporando um processo de rastreabilidade."
Prosa rural,Brasil,Não,Embrapa,Orientação Técnica,Durante,"Conteúdo, Educação e Redes Sociais",Site + Aplicativo,Meios de comunicação de massa,Produtor,Em geral,Gratuito,Produtor ↔ Conteúdo/Plataforma,Público,Empresa de Pesquisa Pública,Português,Não,Não,Digitalização,Acessível a terceiros,https://play.google.com/store/apps/details?id=com.prosa.rural,"Oferece acesso a arquivos de áudio de programas de rádio produzidos pela Embrapa, bem como à rádio online da Prosa Rural. Os arquivos de áudio e os programas de rádio online estão categorizados por região."
Controle de Praga,Brasil,Sim,Embrapa,Orientação Técnica,Antes ,"Manejo e Controle de Pragas (Biológico, Natural e Químico)",Site + Aplicativo,Não aplicável,Extensionista,Em geral,Gratuito,Extensionista ↔ Conteúdo/Plataforma,Público,Empresa de Pesquisa Pública,Português,Não,Sim,Digitalização,Acessível a terceiros,https://www.atermaisdigital.cnptia.embrapa.br/web/controle-de-pragas/pragas,"A ferramenta reúne informações técnicas sobre pragas agrícolas, incluindo identificação, características, culturas afetadas e diretrizes de manejo e controle. Ela auxilia produtores e técnicos de extensão rural no diagnóstico de pragas e na tomada de decisões."
Bioinsumos,Brasil,Sim,Embrapa,Orientação Técnica,Antes ,"Manejo e Controle de Pragas (Biológico, Natural e Químico)",Site + Aplicativo,Não aplicável,Extensionista,Em geral,Gratuito,Extensionista ↔ Conteúdo/Plataforma,Público,Empresa de Pesquisa Pública,Português,Não,Sim,Digitalização,Acessível a terceiros,https://www.embrapa.br/busca-de-solucoes-tecnologicas/-/produto-servico/7227/aplicativo-bioinsumos,"A aplicação resulta do Programa de Bioinsumos do Ministério da Agricultura, Pecuária e Abastecimento (MAPA) e visa consolidar um Catálogo Nacional de Bioinsumos para facilitar e promover o acesso à informação sobre os produtos disponíveis para utilização e onde encontrá-los."
Sinalização digital,Brasil,Não,Central 12,Comercialização,Depois,"Segurança alimentar, rastreabilidade e narrativa do produto",Site,Não aplicável,Produtor,Em geral,Pagar,Produtor ↔ Conteúdo/Plataforma,Privado,Comece,Português,Não,Sim,Digitalização,Acessível a terceiros,https://central12.com.br/,"Um rótulo digital acessível por meio de código QR que centraliza e disponibiliza informações detalhadas sobre o produto — como origem, rastreabilidade, processos de produção, certificações e aspectos de sustentabilidade — fortalecendo a transparência e a comunicação direta entre marcas agrícolas e consumidores."
INCRALEGIS,Brasil,Não,CEGAFI- UnB,Aprendizado,Durante,"Conteúdo, Educação e Redes Sociais",Aplicativo,Interpessoal,Extensionista,Em geral,Gratuito,Extensionista ↔ Conteúdo/Plataforma,Público,Universidade,Português,Sim,Sim,Digitação,Acessível a terceiros,https://www.cegafiunb.com/aplicativos/,"Facilita o acesso à legislação agrária brasileira. Abrange temas como desapropriação para reforma agrária, licenciamento ambiental, georreferenciamento, regularização fundiária, restituição de posse de terras públicas, alocação de bens imóveis, titulação e territórios quilombolas."
Põe na Cesta,Brasil,Não,Emater-DF,Comercialização,Depois,Plataformas de loja online (e-commerce) e marketplace,Site,Meios de comunicação de massa,Produtor,Em geral,Gratuito,Produtor ↔ Conteúdo/Plataforma,Público,Empresa ATER / Serviço Público de Extensão,Português,Não,Sim,Digitalização,Acessível a terceiros,https://dfrural.emater.df.gov.br/poenacesta/,"A ferramenta digital da Emater-DF conecta produtores e consumidores rurais, facilitando a distribuição e a venda de produtos alimentícios locais. Através da plataforma, os usuários podem localizar produtores, conhecer os tipos de produtos oferecidos, sua origem e informações de contato, fortalecendo a economia local e promovendo o consumo de alimentos frescos e de alta qualidade, sem taxas ou intermediação financeira."
Alvo ADAMA (Alvo),Brasil,Não,ADAMA,Orientação Técnica,Durante,"Manejo e Controle de Pragas (Biológico, Natural e Químico)",Aplicativo,Meios de comunicação de massa,Produtor,"Específicos (soja, milho, algodão, trigo, cana e café)",Gratuito,Produtor ↔ Conteúdo/Plataforma,Privado,Comece,Português,Não,Não,Digitação,Acessível a terceiros,https://www.adama.com/brasil/pt/adama-alvo,"O ADAMA Target é um aplicativo que ajuda a identificar as principais pragas, ervas daninhas e doenças que afetam lavouras brasileiras como soja, milho, trigo, algodão, cana-de-açúcar e café, utilizando um banco de dados de imagens abrangente. Encontre informações sobre o ciclo de vida, tratamento adequado, impacto econômico e uma descrição de cada problema nas lavouras brasileiras. Se não encontrar o alvo, tire uma foto, envie e receba ajuda."
Aegro Campo,Brasil,Não,Aegro, Gerenciamento,Durante,Monitoramento e gerenciamento integrados da produção,Aplicativo,Meios de comunicação de massa,Produtor,Em geral,Pagar,Produtor ↔ Conteúdo/Plataforma,Privado,Comece,Português,Não,Não,Transformação Digital,Acessível a terceiros,"https://aegro.com.br/solucoes/gestao-rural/
https://play.google.com/store/apps/details?id=com.aegro.aegroapp
https://apps.apple.com/us/app/aegro-campo/id1105392365?l=pt-BR","O Aegro é um aplicativo que integra de forma eficaz dados agrícolas e financeiros, ajudando você a tomar decisões mais rentáveis. As principais vantagens de usar o Aegro são: monitorar as operações agrícolas remotamente e em tempo real; e ter maior controle sobre os custos de produção agrícola."
Agricultura SC,Brasil,Não,Secretário de Agricultura de Santa Catarina,Comunicação,Durante,"Conteúdo, Educação e Redes Sociais",Aplicativo,Meios de comunicação de massa,Produtor,Em geral,Gratuito,Produtor ↔ Conteúdo/Plataforma,Público,Governo Estadual/Provincial,Português,Não,Sim,Digitalização,Acessível a terceiros,"https://apps.apple.com/us/app/agricultura-sc/id6739265025; 
https://play.google.com/store/apps/details?id=com.sar.agriculturasc","O principal aplicativo agrícola em Santa Catarina é o Agricultura SC, da Secretaria de Agricultura e Pecuária (SAPE). Este aplicativo reúne notícias, programas, serviços e informações da Epagri, Cidasc e Ceasa, sendo ideal para que os produtores de Santa Catarina se mantenham atualizados. Além disso, o Epagri Mob oferece ferramentas práticas como previsão do tempo, monitoramento de doenças e tecnologias agrícolas."
AgroApp,Brasil,Não,Agroapp Soluções Agro Digitais LTDA,Orientação Técnica,Antes ,"Manejo e Controle de Pragas (Biológico, Natural e Químico)",Aplicativo,Meios de comunicação de massa,Produtor,"Específicos (algodão, arroz, batata doce, café, cana-de-açúcar, frutas cítricas, feijão, girassol, milho, pastagens, soja, sorgo, tomate e trigo)",Gratuito,Produtor ↔ Conteúdo/Plataforma,Privado,Setor Privado,Português,Não,Não,Digitalização,Acessível a terceiros,"https://agroapp.com.br/recursos/
https://play.google.com/store/apps/details?id=br.com.agroapp","O aplicativo reúne informações agrícolas de forma organizada e de fácil acesso. Foi desenvolvido considerando a dificuldade que agricultores e técnicos enfrentam para encontrar informações confiáveis ​​e estruturadas em seu trabalho diário no campo. Embora uma grande quantidade de conteúdo esteja disponível online, muito dele está disperso e inacessível offline, justamente quando mais necessário. Nesse sentido, o aplicativo visa facilitar o uso prático da informação no campo, mesmo em contextos de conectividade limitada."
AgroCaderno,Brasil,Não,"Harvest Apps Ltda.

",Orientação Técnica,Antes ,"Manejo e Controle de Pragas (Biológico, Natural e Químico)",Aplicativo,Meios de comunicação de massa,Produtor,Em geral,Pagar,Produtor ↔ Conteúdo/Plataforma,Privado,Setor Privado,Português,Não,Não,Digitalização,Acessível a terceiros,https://play.google.com/store/apps/details?id=com.mycompany.agrobulas,"Uma ferramenta digital desenvolvida para facilitar a organização e o registro de atividades agrícolas. O aplicativo permite aos usuários monitorar o uso de pesticidas, registrar pulverizações e anotar operações importantes realizadas na propriedade, contribuindo para uma gestão de informações mais sistemática. Também facilita o compartilhamento de registros entre os membros da equipe, tornando mais fácil o acompanhamento das atividades diárias de produção."
Agrolink,Brasil,Não,Agrolink,Comercialização,Depois,Plataformas de loja online (e-commerce) e marketplace,Site,Meios de comunicação de massa,Produtor,"Específicos (Algodão, Arroz, Café, Cana, Feijão, Milho, Soja e Trigo)",Gratuito,Produtor ↔ Conteúdo/Plataforma,Privado,Setor Privado,Português,Não,,Digitalização,Acessível a terceiros,https://www.agrolink.com.br/agrolinkfito/,"Uma plataforma digital de informação agrícola que reúne notícias, conteúdo técnico e dados de interesse para o setor agrícola. Ela serve como fonte de informação sobre temas como uso de pesticidas, informações de mercado, preços agrícolas, previsões meteorológicas e materiais audiovisuais, facilitando o acesso à informação para produtores, técnicos e outros atores envolvidos em áreas rurais."
Maracujá AgroPragas,Brasil,Não,Embrapa,Orientação Técnica,Antes ,"Manejo e Controle de Pragas (Biológico, Natural e Químico)",Aplicativo,Meios de comunicação de massa,Produtor,Específico (Maracujá),Gratuito,Produtor ↔ Conteúdo/Plataforma,Público,Empresa de Pesquisa Pública,Português,Não,Não,Digitalização,Acessível a terceiros,https://play.google.com/store/apps/details?id=br.embrapa.cnpmf.gicp_maracujazeiro,"Uma ferramenta para o manejo integrado de pragas e doenças em maracujá. Ela reúne informações técnicas sobre identificação, monitoramento e estratégias de controle, auxiliando agricultores e técnicos na tomada de decisões embasadas sobre o manejo da cultura. O aplicativo organiza o conteúdo de forma prática, contribuindo para um uso mais eficiente dos insumos e para a melhoria da saúde e produtividade dos pomares de maracujá."
BASF Agro,Brasil,Não,BASF SA,Comercialização,Antes ,"Fertilizantes, inoculantes e nutrientes",Aplicativo,Meios de comunicação de massa,Produtor,Em geral,Gratuito,Produtor ↔ Conteúdo/Plataforma,Privado,Setor Privado,Português,Não,Sim,Digitalização,Acessível a terceiros,https://play.google.com/store/apps/details?id=br.com.basf.agro,"A ferramenta reúne informações relacionadas à produção agrícola, incluindo diretrizes sobre o uso de pesticidas, bem como conteúdo voltado para o acesso a informações de mercado. Seu objetivo é apoiar agricultores e técnicos no monitoramento dos aspectos produtivos e comerciais da atividade agrícola, facilitando o acesso a dados relevantes para o planejamento e a tomada de decisões nas operações diárias no campo."
Bulário Defensivo Agrícola,Brasil,Não,Samuel Campos Lopes da Silva Tecnologia,Orientação Técnica,Antes ,"Manejo e Controle de Pragas (Biológico, Natural e Químico)",Aplicativo,Meios de comunicação de massa,Ambos,Em geral,Gratuito,Produtor ↔ Conteúdo/Plataforma,Privado,Setor Privado,Português,Não,Sim,Digitação,Acessível a terceiros,https://play.google.com/store/apps/details?id=appsmoveis.com.br.bulariodefensivosagricolas,"Este aplicativo foi desenvolvido para auxiliar agrônomos e agricultores na gestão de pesticidas agrícolas. Ele contém um banco de dados com mais de 1.800 produtos registrados e pode ser usado offline. A ferramenta permite buscas por produto, ingrediente ativo ou fabricante, facilitando o acesso a informações técnicas para o trabalho de campo diário."
Calagem e Adubação,Brasil,Não,Daniel Baltazar Schneider,Orientação Técnica,Antes ,Análise de solo e plantas,Aplicativo,Meios de comunicação de massa,Ambos,Em geral,Freemium,Produtor ↔ Conteúdo/Plataforma,Privado,Setor Privado,Português,Não,Não,Digitalização,Acessível a terceiros,"https://datalu.com.br/pages/calagemadubacao.html
https://play.google.com/store/apps/details?id=br.com.stringsoft.calagem_brasil","Um aplicativo desenvolvido para simplificar o planejamento técnico da calagem, fertilização e distribuição de insumos no campo. Inclui ferramentas para calcular as necessidades de calagem, a quantidade de corretivos e fertilizantes, calibrar distribuidores de calcário e fertilizantes e ajustar semeadoras e aplicadores de fertilizantes. Com base em dados de análise do solo, o aplicativo realiza os cálculos necessários e permite que os usuários meçam áreas usando mapas. Também oferece consultoria fitossanitária e outras informações úteis para o manejo, tudo acessível diretamente no seu dispositivo móvel."
Cálculos de plantio,Brasil,Não,Daniel Baltazar Schneider,Orientação Técnica,Antes ,Análise de solo e plantas,Aplicativo,Meios de comunicação de massa,Ambos,Em geral,Freemium,Produtor ↔ Conteúdo/Plataforma,Privado,Setor Privado,Português,Não,Não,Digitalização,Acessível a terceiros,https://play.google.com/store/apps/details?id=br.com.datalu.plantecerto; https://apps.apple.com/jp/app/c%C3%A1lculos-de-plantio/id6743328754,"Oferece cálculos precisos para a semeadura dos principais cereais, permitindo determinar a quantidade e o espaçamento ideais das sementes. Além disso, o aplicativo inclui um módulo específico para testes de germinação."
GID Inimigos Naturais,Brasil,Não,"IAPAR - EMATER
",Orientação Técnica,Durante,Diagnóstico por Imagem e Identificação,Aplicativo,Meios de comunicação de massa,Ambos,Em geral,Gratuito,Produtor ↔ Conteúdo/Plataforma,Público,Empresa de Pesquisa Pública,Português,Não,Não,Digitalização,Acessível a terceiros,https://play.google.com/store/apps/details?id=br.gov.pr.idrparana.inimigos_naturais_soja,"Este aplicativo, desenvolvido pelo IDR-Paraná, reúne descrições e imagens para facilitar a identificação de insetos predadores e parasitoides associados ao controle de pragas agrícolas. O conteúdo é apresentado em linguagem simples, tornando-o de fácil compreensão para usuários menos familiarizados com a taxonomia entomológica, e pode ser utilizado para apoiar a formação e o desenvolvimento de agricultores, estudantes e profissionais do setor agrícola."
"Aplicativo Calagem
",Brasil,Não,Danilo Andrade Santos,Orientação Técnica,Antes ,"Fertilizantes, inoculantes e nutrientes",Aplicativo,Meios de comunicação de massa,Ambos,Em geral,Pagar,Produtor ↔ Conteúdo/Plataforma,Privado,Setor Privado,Português,Não,Não,Digitalização,Acessível a terceiros,"https://calagemapp.com/
https://play.google.com/store/apps/details?id=com.calagem_app.codigo.agro.dados.agro",O aplicativo Calagem é um assistente de cálculo que recomenda as necessidades de calagem e a quantidade de reguladores de acidez necessária. Insira os dados da sua análise de solo e deixe o aplicativo Calagem realizar os cálculos e gerar uma recomendação personalizada em PDF para você compartilhar com seus contatos.
RecetuAgro,Brasil,Não,Lago Lucinei Robson,Orientação Técnica,Antes ,"Manejo e Controle de Pragas (Biológico, Natural e Químico)",Aplicativo,Meios de comunicação de massa,Produtor,Em geral,Pagar,Produtor ↔ Conteúdo/Plataforma,Privado,Setor Privado,Português,Não,Sim,Digitalização,Acessível a terceiros,"https://receituagro.agrimind.com.br/
https://play.google.com/store/apps/details?id=br.com.agrimind.pragassoja","Consulte os produtos indicados para o tratamento das principais pragas e doenças que atacam uma grande variedade de culturas; encontre recomendações para aplicação de pesticidas, dosagem e preparação de soluções de pulverização."
Cultura Aquática,Brasil,Não,Crops Team Consulting Services Research and Development LTDA,Orientação Técnica,Antes ,Gestão de Resíduos e Água,Aplicativo,Meios de comunicação de massa,Produtor,Em geral,Gratuito,Produtor ↔ Conteúdo/Plataforma,Privado,Setor Privado,Português,Não,Sim,Digitalização,Acessível a terceiros,https://play.google.com/store/apps/details?id=com.cropsteam.watercrop,"Um aplicativo focado na gestão da irrigação, desenvolvido para auxiliar agricultores e consultores na tomada de decisões sobre o uso da água em culturas irrigadas por aspersão. A ferramenta ajuda a definir o momento e o volume da irrigação, considerando variáveis ​​como características da cultura, data de plantio e tipo de solo, contribuindo assim para uma gestão mais eficiente dos recursos hídricos."